borough_name,district_name,post_id,post_name,party_group_name,candidate_name,votes
Ahuntsic-Cartierville,Ahuntsic,"0,00",Mairie de Montréal,Autre,GURBERG Bernard,25
Ahuntsic-Cartierville,Ahuntsic,"0,00",Mairie de Montréal,Autre,ILUNGA Fabrice Ntompa,34
Ahuntsic-Cartierville,Ahuntsic,"0,00",Mairie de Montréal,Autre,LEMCO Tyler,10
Ahuntsic-Cartierville,Ahuntsic,"0,00",Mairie de Montréal,Autre,TESSIER Philippe,17
Ahuntsic-Cartierville,Ahuntsic,"0,00",Mairie de Montréal,Autre,THIBODEAU Gilbert,22
Ahuntsic-Cartierville,Ahuntsic,"0,00",Mairie de Montréal,Coalition,FORTIER Jean,101
Ahuntsic-Cartierville,Ahuntsic,"0,00",Mairie de Montréal,Coderre,CODERRE Denis,5657
Ahuntsic-Cartierville,Ahuntsic,"0,00",Mairie de Montréal,Projet,PLANTE Valérie,5502
Ahuntsic-Cartierville,Ahuntsic,"1,00",Mairie d'arrondissement,Coderre,CHITILIAN Harout,4441
Ahuntsic-Cartierville,Ahuntsic,"1,00",Mairie d'arrondissement,Projet,THUILLIER Émilie,6850
Ahuntsic-Cartierville,Ahuntsic,"1,30",Conseil de Ville,Coalition,LACHAPELLE Pierre,585
Ahuntsic-Cartierville,Ahuntsic,"1,30",Conseil de Ville,Coderre,MELANÇON Raphaël,4432
Ahuntsic-Cartierville,Ahuntsic,"1,30",Conseil de Ville,Projet,GOULET Nathalie,6246
Ahuntsic-Cartierville,Bordeaux-Cartierville,"0,00",Mairie de Montréal,Autre,GURBERG Bernard,37
Ahuntsic-Cartierville,Bordeaux-Cartierville,"0,00",Mairie de Montréal,Autre,ILUNGA Fabrice Ntompa,37
Ahuntsic-Cartierville,Bordeaux-Cartierville,"0,00",Mairie de Montréal,Autre,LEMCO Tyler,18
Ahuntsic-Cartierville,Bordeaux-Cartierville,"0,00",Mairie de Montréal,Autre,TESSIER Philippe,15
Ahuntsic-Cartierville,Bordeaux-Cartierville,"0,00",Mairie de Montréal,Autre,THIBODEAU Gilbert,34
Ahuntsic-Cartierville,Bordeaux-Cartierville,"0,00",Mairie de Montréal,Coalition,FORTIER Jean,161
Ahuntsic-Cartierville,Bordeaux-Cartierville,"0,00",Mairie de Montréal,Coderre,CODERRE Denis,5538
Ahuntsic-Cartierville,Bordeaux-Cartierville,"0,00",Mairie de Montréal,Projet,PLANTE Valérie,3047
Ahuntsic-Cartierville,Bordeaux-Cartierville,"1,00",Mairie d'arrondissement,Coderre,CHITILIAN Harout,5754
Ahuntsic-Cartierville,Bordeaux-Cartierville,"1,00",Mairie d'arrondissement,Projet,THUILLIER Émilie,3104
Ahuntsic-Cartierville,Bordeaux-Cartierville,"1,40",Conseil de Ville,Coalition,KARABAJAK Shant,486
Ahuntsic-Cartierville,Bordeaux-Cartierville,"1,40",Conseil de Ville,Coderre,GIANNOU Effie,5277
Ahuntsic-Cartierville,Bordeaux-Cartierville,"1,40",Conseil de Ville,Projet,NASSR Fadia,3048
Ahuntsic-Cartierville,Saint-Sulpice,"0,00",Mairie de Montréal,Autre,GURBERG Bernard,27
Ahuntsic-Cartierville,Saint-Sulpice,"0,00",Mairie de Montréal,Autre,ILUNGA Fabrice Ntompa,26
Ahuntsic-Cartierville,Saint-Sulpice,"0,00",Mairie de Montréal,Autre,LEMCO Tyler,13
Ahuntsic-Cartierville,Saint-Sulpice,"0,00",Mairie de Montréal,Autre,TESSIER Philippe,27
Ahuntsic-Cartierville,Saint-Sulpice,"0,00",Mairie de Montréal,Autre,THIBODEAU Gilbert,37
Ahuntsic-Cartierville,Saint-Sulpice,"0,00",Mairie de Montréal,Coalition,FORTIER Jean,97
Ahuntsic-Cartierville,Saint-Sulpice,"0,00",Mairie de Montréal,Coderre,CODERRE Denis,5069
Ahuntsic-Cartierville,Saint-Sulpice,"0,00",Mairie de Montréal,Projet,PLANTE Valérie,4645
Ahuntsic-Cartierville,Saint-Sulpice,"1,00",Mairie d'arrondissement,Coderre,CHITILIAN Harout,4578
Ahuntsic-Cartierville,Saint-Sulpice,"1,00",Mairie d'arrondissement,Projet,THUILLIER Émilie,5236
Ahuntsic-Cartierville,Saint-Sulpice,"1,20",Conseil de Ville,Coderre,PARIZEAU Hadrien,5276
Ahuntsic-Cartierville,Saint-Sulpice,"1,20",Conseil de Ville,Projet,SFEIR Ramzi,4541
Ahuntsic-Cartierville,Sault-au-Récollet,"0,00",Mairie de Montréal,Autre,GURBERG Bernard,25
Ahuntsic-Cartierville,Sault-au-Récollet,"0,00",Mairie de Montréal,Autre,ILUNGA Fabrice Ntompa,27
Ahuntsic-Cartierville,Sault-au-Récollet,"0,00",Mairie de Montréal,Autre,LEMCO Tyler,8
Ahuntsic-Cartierville,Sault-au-Récollet,"0,00",Mairie de Montréal,Autre,TESSIER Philippe,14
Ahuntsic-Cartierville,Sault-au-Récollet,"0,00",Mairie de Montréal,Autre,THIBODEAU Gilbert,18
Ahuntsic-Cartierville,Sault-au-Récollet,"0,00",Mairie de Montréal,Coalition,FORTIER Jean,112
Ahuntsic-Cartierville,Sault-au-Récollet,"0,00",Mairie de Montréal,Coderre,CODERRE Denis,5024
Ahuntsic-Cartierville,Sault-au-Récollet,"0,00",Mairie de Montréal,Projet,PLANTE Valérie,4958
Ahuntsic-Cartierville,Sault-au-Récollet,"1,00",Mairie d'arrondissement,Coderre,CHITILIAN Harout,4258
Ahuntsic-Cartierville,Sault-au-Récollet,"1,00",Mairie d'arrondissement,Projet,THUILLIER Émilie,5827
Ahuntsic-Cartierville,Sault-au-Récollet,"1,10",Conseil de Ville,Coalition,GIANCASPRO Giovanna,574
Ahuntsic-Cartierville,Sault-au-Récollet,"1,10",Conseil de Ville,Coderre,PAGÉ Lorraine,4526
Ahuntsic-Cartierville,Sault-au-Récollet,"1,10",Conseil de Ville,Projet,NORMAND Jérôme,4980
Anjou,Centre,"0,00",Mairie de Montréal,Autre,GURBERG Bernard,21
Anjou,Centre,"0,00",Mairie de Montréal,Autre,ILUNGA Fabrice Ntompa,22
Anjou,Centre,"0,00",Mairie de Montréal,Autre,LEMCO Tyler,14
Anjou,Centre,"0,00",Mairie de Montréal,Autre,TESSIER Philippe,22
Anjou,Centre,"0,00",Mairie de Montréal,Autre,THIBODEAU Gilbert,26
Anjou,Centre,"0,00",Mairie de Montréal,Coalition,FORTIER Jean,86
Anjou,Centre,"0,00",Mairie de Montréal,Coderre,CODERRE Denis,2875
Anjou,Centre,"0,00",Mairie de Montréal,Projet,PLANTE Valérie,2343
Anjou,Centre,"2,00",Mairie d'arrondissement,Autre,MIRANDA Luis,2947
Anjou,Centre,"2,00",Mairie d'arrondissement,Coderre,MANCINI Angela,1459
Anjou,Centre,"2,00",Mairie d'arrondissement,Projet,TONDREAU Rémy,999
Anjou,Centre,"2,01",Conseil de Ville,Autre,HÉNAULT Andrée,2573
Anjou,Centre,"2,01",Conseil de Ville,Coderre,GAGNÉ Michèle,1635
Anjou,Centre,"2,01",Conseil de Ville,Projet,MAILHOT Robert,1176
Anjou,Centre,"2,30",Conseil d'arrondissement,Autre,MARSOLAIS Kristine,2129
Anjou,Centre,"2,30",Conseil d'arrondissement,Coderre,DI GENOVA ZAMMIT Michelle,1939
Anjou,Centre,"2,30",Conseil d'arrondissement,Projet,DE MARTINO Julie,1315
Anjou,Est,"0,00",Mairie de Montréal,Autre,GURBERG Bernard,4
Anjou,Est,"0,00",Mairie de Montréal,Autre,ILUNGA Fabrice Ntompa,20
Anjou,Est,"0,00",Mairie de Montréal,Autre,LEMCO Tyler,6
Anjou,Est,"0,00",Mairie de Montréal,Autre,TESSIER Philippe,21
Anjou,Est,"0,00",Mairie de Montréal,Autre,THIBODEAU Gilbert,19
Anjou,Est,"0,00",Mairie de Montréal,Coalition,FORTIER Jean,45
Anjou,Est,"0,00",Mairie de Montréal,Coderre,CODERRE Denis,1930
Anjou,Est,"0,00",Mairie de Montréal,Projet,PLANTE Valérie,1858
Anjou,Est,"2,00",Mairie d'arrondissement,Autre,MIRANDA Luis,2074
Anjou,Est,"2,00",Mairie d'arrondissement,Coderre,MANCINI Angela,934
Anjou,Est,"2,00",Mairie d'arrondissement,Projet,TONDREAU Rémy,903
Anjou,Est,"2,01",Conseil de Ville,Autre,HÉNAULT Andrée,1847
Anjou,Est,"2,01",Conseil de Ville,Coderre,GAGNÉ Michèle,1095
Anjou,Est,"2,01",Conseil de Ville,Projet,MAILHOT Robert,967
Anjou,Est,"2,20",Conseil d'arrondissement,Autre,GHALEM Nadia,208
Anjou,Est,"2,20",Conseil d'arrondissement,Autre,LEBLANC Richard,1724
Anjou,Est,"2,20",Conseil d'arrondissement,Coderre,ROBERT Mario,1029
Anjou,Est,"2,20",Conseil d'arrondissement,Projet,PLOURDE Sylvain,949
Anjou,Ouest,"0,00",Mairie de Montréal,Autre,GURBERG Bernard,15
Anjou,Ouest,"0,00",Mairie de Montréal,Autre,ILUNGA Fabrice Ntompa,15
Anjou,Ouest,"0,00",Mairie de Montréal,Autre,LEMCO Tyler,10
Anjou,Ouest,"0,00",Mairie de Montréal,Autre,TESSIER Philippe,14
Anjou,Ouest,"0,00",Mairie de Montréal,Autre,THIBODEAU Gilbert,27
Anjou,Ouest,"0,00",Mairie de Montréal,Coalition,FORTIER Jean,70
Anjou,Ouest,"0,00",Mairie de Montréal,Coderre,CODERRE Denis,2264
Anjou,Ouest,"0,00",Mairie de Montréal,Projet,PLANTE Valérie,2121
Anjou,Ouest,"2,00",Mairie d'arrondissement,Autre,MIRANDA Luis,2497
Anjou,Ouest,"2,00",Mairie d'arrondissement,Coderre,MANCINI Angela,1118
Anjou,Ouest,"2,00",Mairie d'arrondissement,Projet,TONDREAU Rémy,921
Anjou,Ouest,"2,01",Conseil de Ville,Autre,HÉNAULT Andrée,2122
Anjou,Ouest,"2,01",Conseil de Ville,Coderre,GAGNÉ Michèle,1265
Anjou,Ouest,"2,01",Conseil de Ville,Projet,MAILHOT Robert,1123
Anjou,Ouest,"2,10",Conseil d'arrondissement,Autre,BEAUDRY Gilles,339
Anjou,Ouest,"2,10",Conseil d'arrondissement,Autre,SHAND Lynne,1663
Anjou,Ouest,"2,10",Conseil d'arrondissement,Coderre,GAUTHIER René,1267
Anjou,Ouest,"2,10",Conseil d'arrondissement,Projet,CAMBRIA Stephanie,1230
Côte-des-Neiges–Notre-Dame-de-Grâce,Côte-des-Neiges,"0,00",Mairie de Montréal,Autre,GURBERG Bernard,43
Côte-des-Neiges–Notre-Dame-de-Grâce,Côte-des-Neiges,"0,00",Mairie de Montréal,Autre,ILUNGA Fabrice Ntompa,15
Côte-des-Neiges–Notre-Dame-de-Grâce,Côte-des-Neiges,"0,00",Mairie de Montréal,Autre,LEMCO Tyler,12
Côte-des-Neiges–Notre-Dame-de-Grâce,Côte-des-Neiges,"0,00",Mairie de Montréal,Autre,TESSIER Philippe,11
Côte-des-Neiges–Notre-Dame-de-Grâce,Côte-des-Neiges,"0,00",Mairie de Montréal,Autre,THIBODEAU Gilbert,29
Côte-des-Neiges–Notre-Dame-de-Grâce,Côte-des-Neiges,"0,00",Mairie de Montréal,Coalition,FORTIER Jean,117
Côte-des-Neiges–Notre-Dame-de-Grâce,Côte-des-Neiges,"0,00",Mairie de Montréal,Coderre,CODERRE Denis,3103
Côte-des-Neiges–Notre-Dame-de-Grâce,Côte-des-Neiges,"0,00",Mairie de Montréal,Projet,PLANTE Valérie,3149
Côte-des-Neiges–Notre-Dame-de-Grâce,Côte-des-Neiges,"3,00",Mairie d'arrondissement,Coalition,GHAVITIAN Zaki,352
Côte-des-Neiges–Notre-Dame-de-Grâce,Côte-des-Neiges,"3,00",Mairie d'arrondissement,Coderre,COPEMAN Russell,2705
Côte-des-Neiges–Notre-Dame-de-Grâce,Côte-des-Neiges,"3,00",Mairie d'arrondissement,Projet,MONTGOMERY Sue,3332
Côte-des-Neiges–Notre-Dame-de-Grâce,Côte-des-Neiges,"3,20",Conseil de Ville,Coalition,ASSOR Raphaël,395
Côte-des-Neiges–Notre-Dame-de-Grâce,Côte-des-Neiges,"3,20",Conseil de Ville,Coderre,CALLENDER Tiffany,2341
Côte-des-Neiges–Notre-Dame-de-Grâce,Côte-des-Neiges,"3,20",Conseil de Ville,Projet,POPEANU Magda,3518
Côte-des-Neiges–Notre-Dame-de-Grâce,Côte-des-Neiges,"3,20",Conseil de Ville,VCM,CHIN Maureen,156
Côte-des-Neiges–Notre-Dame-de-Grâce,Darlington,"0,00",Mairie de Montréal,Autre,GURBERG Bernard,104
Côte-des-Neiges–Notre-Dame-de-Grâce,Darlington,"0,00",Mairie de Montréal,Autre,ILUNGA Fabrice Ntompa,29
Côte-des-Neiges–Notre-Dame-de-Grâce,Darlington,"0,00",Mairie de Montréal,Autre,LEMCO Tyler,31
Côte-des-Neiges–Notre-Dame-de-Grâce,Darlington,"0,00",Mairie de Montréal,Autre,TESSIER Philippe,40
Côte-des-Neiges–Notre-Dame-de-Grâce,Darlington,"0,00",Mairie de Montréal,Autre,THIBODEAU Gilbert,45
Côte-des-Neiges–Notre-Dame-de-Grâce,Darlington,"0,00",Mairie de Montréal,Coalition,FORTIER Jean,517
Côte-des-Neiges–Notre-Dame-de-Grâce,Darlington,"0,00",Mairie de Montréal,Coderre,CODERRE Denis,3268
Côte-des-Neiges–Notre-Dame-de-Grâce,Darlington,"0,00",Mairie de Montréal,Projet,PLANTE Valérie,2184
Côte-des-Neiges–Notre-Dame-de-Grâce,Darlington,"3,00",Mairie d'arrondissement,Coalition,GHAVITIAN Zaki,915
Côte-des-Neiges–Notre-Dame-de-Grâce,Darlington,"3,00",Mairie d'arrondissement,Coderre,COPEMAN Russell,3089
Côte-des-Neiges–Notre-Dame-de-Grâce,Darlington,"3,00",Mairie d'arrondissement,Projet,MONTGOMERY Sue,2103
Côte-des-Neiges–Notre-Dame-de-Grâce,Darlington,"3,10",Conseil de Ville,Coalition,HAMON Erik,1630
Côte-des-Neiges–Notre-Dame-de-Grâce,Darlington,"3,10",Conseil de Ville,Coderre,PEREZ Lionel,2576
Côte-des-Neiges–Notre-Dame-de-Grâce,Darlington,"3,10",Conseil de Ville,Projet,CARPENTER Graham,1969
Côte-des-Neiges–Notre-Dame-de-Grâce,Loyola,"0,00",Mairie de Montréal,Autre,GURBERG Bernard,98
Côte-des-Neiges–Notre-Dame-de-Grâce,Loyola,"0,00",Mairie de Montréal,Autre,ILUNGA Fabrice Ntompa,39
Côte-des-Neiges–Notre-Dame-de-Grâce,Loyola,"0,00",Mairie de Montréal,Autre,LEMCO Tyler,34
Côte-des-Neiges–Notre-Dame-de-Grâce,Loyola,"0,00",Mairie de Montréal,Autre,TESSIER Philippe,17
Côte-des-Neiges–Notre-Dame-de-Grâce,Loyola,"0,00",Mairie de Montréal,Autre,THIBODEAU Gilbert,31
Côte-des-Neiges–Notre-Dame-de-Grâce,Loyola,"0,00",Mairie de Montréal,Coalition,FORTIER Jean,164
Côte-des-Neiges–Notre-Dame-de-Grâce,Loyola,"0,00",Mairie de Montréal,Coderre,CODERRE Denis,4065
Côte-des-Neiges–Notre-Dame-de-Grâce,Loyola,"0,00",Mairie de Montréal,Projet,PLANTE Valérie,4017
Côte-des-Neiges–Notre-Dame-de-Grâce,Loyola,"3,00",Mairie d'arrondissement,Coalition,GHAVITIAN Zaki,367
Côte-des-Neiges–Notre-Dame-de-Grâce,Loyola,"3,00",Mairie d'arrondissement,Coderre,COPEMAN Russell,4047
Côte-des-Neiges–Notre-Dame-de-Grâce,Loyola,"3,00",Mairie d'arrondissement,Projet,MONTGOMERY Sue,3984
Côte-des-Neiges–Notre-Dame-de-Grâce,Loyola,"3,50",Conseil de Ville,Autre,SANTILLAN AGUIRRE Angeluz Valery,186
Côte-des-Neiges–Notre-Dame-de-Grâce,Loyola,"3,50",Conseil de Ville,Autre,SEARLE Jeremy,1012
Côte-des-Neiges–Notre-Dame-de-Grâce,Loyola,"3,50",Conseil de Ville,Autre,TRANI Gianpaolo (Paolo),645
Côte-des-Neiges–Notre-Dame-de-Grâce,Loyola,"3,50",Conseil de Ville,Coalition,CLARKE Keeton,310
Côte-des-Neiges–Notre-Dame-de-Grâce,Loyola,"3,50",Conseil de Ville,Coderre,RETTA Gabriel,2654
Côte-des-Neiges–Notre-Dame-de-Grâce,Loyola,"3,50",Conseil de Ville,Projet,ARSENEAULT Christian,3611
Côte-des-Neiges–Notre-Dame-de-Grâce,Notre-Dame-de-Grâce,"0,00",Mairie de Montréal,Autre,GURBERG Bernard,63
Côte-des-Neiges–Notre-Dame-de-Grâce,Notre-Dame-de-Grâce,"0,00",Mairie de Montréal,Autre,ILUNGA Fabrice Ntompa,27
Côte-des-Neiges–Notre-Dame-de-Grâce,Notre-Dame-de-Grâce,"0,00",Mairie de Montréal,Autre,LEMCO Tyler,18
Côte-des-Neiges–Notre-Dame-de-Grâce,Notre-Dame-de-Grâce,"0,00",Mairie de Montréal,Autre,TESSIER Philippe,16
Côte-des-Neiges–Notre-Dame-de-Grâce,Notre-Dame-de-Grâce,"0,00",Mairie de Montréal,Autre,THIBODEAU Gilbert,12
Côte-des-Neiges–Notre-Dame-de-Grâce,Notre-Dame-de-Grâce,"0,00",Mairie de Montréal,Coalition,FORTIER Jean,94
Côte-des-Neiges–Notre-Dame-de-Grâce,Notre-Dame-de-Grâce,"0,00",Mairie de Montréal,Coderre,CODERRE Denis,4222
Côte-des-Neiges–Notre-Dame-de-Grâce,Notre-Dame-de-Grâce,"0,00",Mairie de Montréal,Projet,PLANTE Valérie,5459
Côte-des-Neiges–Notre-Dame-de-Grâce,Notre-Dame-de-Grâce,"3,00",Mairie d'arrondissement,Coalition,GHAVITIAN Zaki,274
Côte-des-Neiges–Notre-Dame-de-Grâce,Notre-Dame-de-Grâce,"3,00",Mairie d'arrondissement,Coderre,COPEMAN Russell,3872
Côte-des-Neiges–Notre-Dame-de-Grâce,Notre-Dame-de-Grâce,"3,00",Mairie d'arrondissement,Projet,MONTGOMERY Sue,5741
Côte-des-Neiges–Notre-Dame-de-Grâce,Notre-Dame-de-Grâce,"3,40",Conseil de Ville,Coalition,ORCHARD Caroline,356
Côte-des-Neiges–Notre-Dame-de-Grâce,Notre-Dame-de-Grâce,"3,40",Conseil de Ville,Coderre,ETHIER Elaine,3015
Côte-des-Neiges–Notre-Dame-de-Grâce,Notre-Dame-de-Grâce,"3,40",Conseil de Ville,Projet,MCQUEEN Peter,6529
Côte-des-Neiges–Notre-Dame-de-Grâce,Snowdon,"0,00",Mairie de Montréal,Autre,GURBERG Bernard,148
Côte-des-Neiges–Notre-Dame-de-Grâce,Snowdon,"0,00",Mairie de Montréal,Autre,ILUNGA Fabrice Ntompa,45
Côte-des-Neiges–Notre-Dame-de-Grâce,Snowdon,"0,00",Mairie de Montréal,Autre,LEMCO Tyler,29
Côte-des-Neiges–Notre-Dame-de-Grâce,Snowdon,"0,00",Mairie de Montréal,Autre,TESSIER Philippe,28
Côte-des-Neiges–Notre-Dame-de-Grâce,Snowdon,"0,00",Mairie de Montréal,Autre,THIBODEAU Gilbert,36
Côte-des-Neiges–Notre-Dame-de-Grâce,Snowdon,"0,00",Mairie de Montréal,Coalition,FORTIER Jean,587
Côte-des-Neiges–Notre-Dame-de-Grâce,Snowdon,"0,00",Mairie de Montréal,Coderre,CODERRE Denis,2992
Côte-des-Neiges–Notre-Dame-de-Grâce,Snowdon,"0,00",Mairie de Montréal,Projet,PLANTE Valérie,2825
Côte-des-Neiges–Notre-Dame-de-Grâce,Snowdon,"3,00",Mairie d'arrondissement,Coalition,GHAVITIAN Zaki,1333
Côte-des-Neiges–Notre-Dame-de-Grâce,Snowdon,"3,00",Mairie d'arrondissement,Coderre,COPEMAN Russell,2696
Côte-des-Neiges–Notre-Dame-de-Grâce,Snowdon,"3,00",Mairie d'arrondissement,Projet,MONTGOMERY Sue,2679
Côte-des-Neiges–Notre-Dame-de-Grâce,Snowdon,"3,30",Conseil de Ville,Coalition,ROTRAND Marvin,2816
Côte-des-Neiges–Notre-Dame-de-Grâce,Snowdon,"3,30",Conseil de Ville,Coderre,CABUGAO Salvador B.,1647
Côte-des-Neiges–Notre-Dame-de-Grâce,Snowdon,"3,30",Conseil de Ville,Projet,GRECU Irina Maria,2240
L'Île-Bizard–Sainte-Geneviève,Denis-Benjamin-Viger,"0,00",Mairie de Montréal,Autre,GURBERG Bernard,1
L'Île-Bizard–Sainte-Geneviève,Denis-Benjamin-Viger,"0,00",Mairie de Montréal,Autre,ILUNGA Fabrice Ntompa,5
L'Île-Bizard–Sainte-Geneviève,Denis-Benjamin-Viger,"0,00",Mairie de Montréal,Autre,LEMCO Tyler,10
L'Île-Bizard–Sainte-Geneviève,Denis-Benjamin-Viger,"0,00",Mairie de Montréal,Autre,TESSIER Philippe,7
L'Île-Bizard–Sainte-Geneviève,Denis-Benjamin-Viger,"0,00",Mairie de Montréal,Autre,THIBODEAU Gilbert,7
L'Île-Bizard–Sainte-Geneviève,Denis-Benjamin-Viger,"0,00",Mairie de Montréal,Coalition,FORTIER Jean,23
L'Île-Bizard–Sainte-Geneviève,Denis-Benjamin-Viger,"0,00",Mairie de Montréal,Coderre,CODERRE Denis,971
L'Île-Bizard–Sainte-Geneviève,Denis-Benjamin-Viger,"0,00",Mairie de Montréal,Projet,PLANTE Valérie,1105
L'Île-Bizard–Sainte-Geneviève,Denis-Benjamin-Viger,"6,00",Mairie d'arrondissement,Coderre,DUGAS Eric,685
L'Île-Bizard–Sainte-Geneviève,Denis-Benjamin-Viger,"6,00",Mairie d'arrondissement,Projet,MARINACCI Normand,973
L'Île-Bizard–Sainte-Geneviève,Denis-Benjamin-Viger,"6,00",Mairie d'arrondissement,VCM,CÔTÉ Stéphane,475
L'Île-Bizard–Sainte-Geneviève,Denis-Benjamin-Viger,"6,20",Conseil d'arrondissement,Coderre,WILSON Alain,777
L'Île-Bizard–Sainte-Geneviève,Denis-Benjamin-Viger,"6,20",Conseil d'arrondissement,Projet,LAROCQUE Christian,990
L'Île-Bizard–Sainte-Geneviève,Denis-Benjamin-Viger,"6,20",Conseil d'arrondissement,VCM,RITCHOT Stéphane,364
L'Île-Bizard–Sainte-Geneviève,Jacques-Bizard,"0,00",Mairie de Montréal,Autre,GURBERG Bernard,9
L'Île-Bizard–Sainte-Geneviève,Jacques-Bizard,"0,00",Mairie de Montréal,Autre,ILUNGA Fabrice Ntompa,2
L'Île-Bizard–Sainte-Geneviève,Jacques-Bizard,"0,00",Mairie de Montréal,Autre,LEMCO Tyler,4
L'Île-Bizard–Sainte-Geneviève,Jacques-Bizard,"0,00",Mairie de Montréal,Autre,TESSIER Philippe,13
L'Île-Bizard–Sainte-Geneviève,Jacques-Bizard,"0,00",Mairie de Montréal,Autre,THIBODEAU Gilbert,7
L'Île-Bizard–Sainte-Geneviève,Jacques-Bizard,"0,00",Mairie de Montréal,Coalition,FORTIER Jean,18
L'Île-Bizard–Sainte-Geneviève,Jacques-Bizard,"0,00",Mairie de Montréal,Coderre,CODERRE Denis,766
L'Île-Bizard–Sainte-Geneviève,Jacques-Bizard,"0,00",Mairie de Montréal,Projet,PLANTE Valérie,1015
L'Île-Bizard–Sainte-Geneviève,Jacques-Bizard,"6,00",Mairie d'arrondissement,Coderre,DUGAS Eric,653
L'Île-Bizard–Sainte-Geneviève,Jacques-Bizard,"6,00",Mairie d'arrondissement,Projet,MARINACCI Normand,827
L'Île-Bizard–Sainte-Geneviève,Jacques-Bizard,"6,00",Mairie d'arrondissement,VCM,CÔTÉ Stéphane,346
L'Île-Bizard–Sainte-Geneviève,Jacques-Bizard,"6,30",Conseil d'arrondissement,Coderre,BÉLANGER Richard,707
L'Île-Bizard–Sainte-Geneviève,Jacques-Bizard,"6,30",Conseil d'arrondissement,Projet,SAMOSZEWSKI Robert,770
L'Île-Bizard–Sainte-Geneviève,Jacques-Bizard,"6,30",Conseil d'arrondissement,VCM,DUBÉ Marie-Ève,332
L'Île-Bizard–Sainte-Geneviève,Pierre-Foretier,"0,00",Mairie de Montréal,Autre,GURBERG Bernard,2
L'Île-Bizard–Sainte-Geneviève,Pierre-Foretier,"0,00",Mairie de Montréal,Autre,ILUNGA Fabrice Ntompa,5
L'Île-Bizard–Sainte-Geneviève,Pierre-Foretier,"0,00",Mairie de Montréal,Autre,LEMCO Tyler,6
L'Île-Bizard–Sainte-Geneviève,Pierre-Foretier,"0,00",Mairie de Montréal,Autre,TESSIER Philippe,14
L'Île-Bizard–Sainte-Geneviève,Pierre-Foretier,"0,00",Mairie de Montréal,Autre,THIBODEAU Gilbert,8
L'Île-Bizard–Sainte-Geneviève,Pierre-Foretier,"0,00",Mairie de Montréal,Coalition,FORTIER Jean,26
L'Île-Bizard–Sainte-Geneviève,Pierre-Foretier,"0,00",Mairie de Montréal,Coderre,CODERRE Denis,1061
L'Île-Bizard–Sainte-Geneviève,Pierre-Foretier,"0,00",Mairie de Montréal,Projet,PLANTE Valérie,1111
L'Île-Bizard–Sainte-Geneviève,Pierre-Foretier,"6,00",Mairie d'arrondissement,Coderre,DUGAS Eric,739
L'Île-Bizard–Sainte-Geneviève,Pierre-Foretier,"6,00",Mairie d'arrondissement,Projet,MARINACCI Normand,915
L'Île-Bizard–Sainte-Geneviève,Pierre-Foretier,"6,00",Mairie d'arrondissement,VCM,CÔTÉ Stéphane,580
L'Île-Bizard–Sainte-Geneviève,Pierre-Foretier,"6,10",Conseil d'arrondissement,Autre,BAROUDI Ghassan,167
L'Île-Bizard–Sainte-Geneviève,Pierre-Foretier,"6,10",Conseil d'arrondissement,Coderre,GIBB Diane,749
L'Île-Bizard–Sainte-Geneviève,Pierre-Foretier,"6,10",Conseil d'arrondissement,Projet,SARAULT Yves,857
L'Île-Bizard–Sainte-Geneviève,Pierre-Foretier,"6,10",Conseil d'arrondissement,VCM,PAGEAU Frédérick,462
L'Île-Bizard–Sainte-Geneviève,Sainte-Geneviève,"0,00",Mairie de Montréal,Autre,GURBERG Bernard,9
L'Île-Bizard–Sainte-Geneviève,Sainte-Geneviève,"0,00",Mairie de Montréal,Autre,ILUNGA Fabrice Ntompa,4
L'Île-Bizard–Sainte-Geneviève,Sainte-Geneviève,"0,00",Mairie de Montréal,Autre,LEMCO Tyler,5
L'Île-Bizard–Sainte-Geneviève,Sainte-Geneviève,"0,00",Mairie de Montréal,Autre,TESSIER Philippe,3
L'Île-Bizard–Sainte-Geneviève,Sainte-Geneviève,"0,00",Mairie de Montréal,Autre,THIBODEAU Gilbert,4
L'Île-Bizard–Sainte-Geneviève,Sainte-Geneviève,"0,00",Mairie de Montréal,Coalition,FORTIER Jean,12
L'Île-Bizard–Sainte-Geneviève,Sainte-Geneviève,"0,00",Mairie de Montréal,Coderre,CODERRE Denis,535
L'Île-Bizard–Sainte-Geneviève,Sainte-Geneviève,"0,00",Mairie de Montréal,Projet,PLANTE Valérie,487
L'Île-Bizard–Sainte-Geneviève,Sainte-Geneviève,"6,00",Mairie d'arrondissement,Coderre,DUGAS Eric,531
L'Île-Bizard–Sainte-Geneviève,Sainte-Geneviève,"6,00",Mairie d'arrondissement,Projet,MARINACCI Normand,381
L'Île-Bizard–Sainte-Geneviève,Sainte-Geneviève,"6,00",Mairie d'arrondissement,VCM,CÔTÉ Stéphane,157
L'Île-Bizard–Sainte-Geneviève,Sainte-Geneviève,"6,40",Conseil d'arrondissement,Coderre,MARCEAU Suzanne,479
L'Île-Bizard–Sainte-Geneviève,Sainte-Geneviève,"6,40",Conseil d'arrondissement,Projet,LABROSSE Geneviève,439
L'Île-Bizard–Sainte-Geneviève,Sainte-Geneviève,"6,40",Conseil d'arrondissement,VCM,SHABAN Sherry,147
LaSalle,Cecil-P.-Newman,"0,00",Mairie de Montréal,Autre,GURBERG Bernard,83
LaSalle,Cecil-P.-Newman,"0,00",Mairie de Montréal,Autre,ILUNGA Fabrice Ntompa,77
LaSalle,Cecil-P.-Newman,"0,00",Mairie de Montréal,Autre,LEMCO Tyler,42
LaSalle,Cecil-P.-Newman,"0,00",Mairie de Montréal,Autre,TESSIER Philippe,56
LaSalle,Cecil-P.-Newman,"0,00",Mairie de Montréal,Autre,THIBODEAU Gilbert,56
LaSalle,Cecil-P.-Newman,"0,00",Mairie de Montréal,Coalition,FORTIER Jean,160
LaSalle,Cecil-P.-Newman,"0,00",Mairie de Montréal,Coderre,CODERRE Denis,4469
LaSalle,Cecil-P.-Newman,"0,00",Mairie de Montréal,Projet,PLANTE Valérie,4248
LaSalle,Cecil-P.-Newman,"5,00",Mairie d'arrondissement,Autre,BARBE Manon,4819
LaSalle,Cecil-P.-Newman,"5,00",Mairie d'arrondissement,Coderre,VALLÉE Monique,2194
LaSalle,Cecil-P.-Newman,"5,00",Mairie d'arrondissement,Projet,LANDRY Kathy,2218
LaSalle,Cecil-P.-Newman,"5,20",Conseil de Ville,Autre,CARUSO Carolina,468
LaSalle,Cecil-P.-Newman,"5,20",Conseil de Ville,Autre,ZARAC Lise,3360
LaSalle,Cecil-P.-Newman,"5,20",Conseil de Ville,Coderre,ASARO Pino,2900
LaSalle,Cecil-P.-Newman,"5,20",Conseil de Ville,Projet,EL BABARTI JIMENEZ Yasmina,2373
LaSalle,Cecil-P.-Newman,"5,21",Conseil d'arrondissement,Autre,DECLOS Serge,4048
LaSalle,Cecil-P.-Newman,"5,21",Conseil d'arrondissement,Coderre,SINGH Devinderpal,2482
LaSalle,Cecil-P.-Newman,"5,21",Conseil d'arrondissement,Projet,ERINDI Anila,2566
LaSalle,Cecil-P.-Newman,"5,22",Conseil d'arrondissement,Autre,BARRY Mody Maka,463
LaSalle,Cecil-P.-Newman,"5,22",Conseil d'arrondissement,Autre,TROILO Josée,3893
LaSalle,Cecil-P.-Newman,"5,22",Conseil d'arrondissement,Coderre,LAPERRIÈRE Steven,2486
LaSalle,Cecil-P.-Newman,"5,22",Conseil d'arrondissement,Projet,OKOU Romarick,2243
LaSalle,Sault-Saint-Louis,"0,00",Mairie de Montréal,Autre,GURBERG Bernard,61
LaSalle,Sault-Saint-Louis,"0,00",Mairie de Montréal,Autre,ILUNGA Fabrice Ntompa,51
LaSalle,Sault-Saint-Louis,"0,00",Mairie de Montréal,Autre,LEMCO Tyler,47
LaSalle,Sault-Saint-Louis,"0,00",Mairie de Montréal,Autre,TESSIER Philippe,48
LaSalle,Sault-Saint-Louis,"0,00",Mairie de Montréal,Autre,THIBODEAU Gilbert,44
LaSalle,Sault-Saint-Louis,"0,00",Mairie de Montréal,Coalition,FORTIER Jean,143
LaSalle,Sault-Saint-Louis,"0,00",Mairie de Montréal,Coderre,CODERRE Denis,5019
LaSalle,Sault-Saint-Louis,"0,00",Mairie de Montréal,Projet,PLANTE Valérie,5475
LaSalle,Sault-Saint-Louis,"5,00",Mairie d'arrondissement,Autre,BARBE Manon,6310
LaSalle,Sault-Saint-Louis,"5,00",Mairie d'arrondissement,Coderre,VALLÉE Monique,2018
LaSalle,Sault-Saint-Louis,"5,00",Mairie d'arrondissement,Projet,LANDRY Kathy,2622
LaSalle,Sault-Saint-Louis,"5,10",Conseil de Ville,Autre,DESCHAMPS Richard,5636
LaSalle,Sault-Saint-Louis,"5,10",Conseil de Ville,Coderre,MOUSSIENZA Ben Lumière,2240
LaSalle,Sault-Saint-Louis,"5,10",Conseil de Ville,Projet,DAFNIOTIS Loren,2999
LaSalle,Sault-Saint-Louis,"5,11",Conseil d'arrondissement,Autre,PALESTINI Laura,5000
LaSalle,Sault-Saint-Louis,"5,11",Conseil d'arrondissement,Coderre,AUMONT-BLANCHETTE Josée,2613
LaSalle,Sault-Saint-Louis,"5,11",Conseil d'arrondissement,Projet,LAUZON Alex,3243
LaSalle,Sault-Saint-Louis,"5,12",Conseil d'arrondissement,Autre,BLANCHET Nancy,5588
LaSalle,Sault-Saint-Louis,"5,12",Conseil d'arrondissement,Coderre,IMAM Balkis,1986
LaSalle,Sault-Saint-Louis,"5,12",Conseil d'arrondissement,Projet,GENDRON Roxanne,3289
Lachine,Fort-Rolland,"0,00",Mairie de Montréal,Autre,GURBERG Bernard,33
Lachine,Fort-Rolland,"0,00",Mairie de Montréal,Autre,ILUNGA Fabrice Ntompa,10
Lachine,Fort-Rolland,"0,00",Mairie de Montréal,Autre,LEMCO Tyler,20
Lachine,Fort-Rolland,"0,00",Mairie de Montréal,Autre,TESSIER Philippe,18
Lachine,Fort-Rolland,"0,00",Mairie de Montréal,Autre,THIBODEAU Gilbert,15
Lachine,Fort-Rolland,"0,00",Mairie de Montréal,Coalition,FORTIER Jean,50
Lachine,Fort-Rolland,"0,00",Mairie de Montréal,Coderre,CODERRE Denis,2391
Lachine,Fort-Rolland,"0,00",Mairie de Montréal,Projet,PLANTE Valérie,3464
Lachine,Fort-Rolland,"4,00",Mairie d'arrondissement,Autre,DAUPHIN Claude,1575
Lachine,Fort-Rolland,"4,00",Mairie d'arrondissement,Coderre,MÉNARD Catherine,1002
Lachine,Fort-Rolland,"4,00",Mairie d'arrondissement,Projet,VODANOVIC Maja,2670
Lachine,Fort-Rolland,"4,00",Mairie d'arrondissement,VCM,BLANCHET Bernard,850
Lachine,Fort-Rolland,"4,01",Conseil de Ville,Autre,RAMSAY Julie,1270
Lachine,Fort-Rolland,"4,01",Conseil de Ville,Coderre,CLOUTIER Jean-François,1362
Lachine,Fort-Rolland,"4,01",Conseil de Ville,Projet,ROULEAU Micheline,2740
Lachine,Fort-Rolland,"4,01",Conseil de Ville,VCM,VERGE Elizabeth,589
Lachine,Fort-Rolland,"4,30",Conseil d'arrondissement,Autre,ROSSI Dominic,1665
Lachine,Fort-Rolland,"4,30",Conseil d'arrondissement,Coderre,SIMONYIK Kymberley,1034
Lachine,Fort-Rolland,"4,30",Conseil d'arrondissement,Projet,FLANNERY Michèle,2642
Lachine,Fort-Rolland,"4,30",Conseil d'arrondissement,VCM,POITRAS Stéphanie,663
Lachine,J.-Émery-Provost,"0,00",Mairie de Montréal,Autre,GURBERG Bernard,25
Lachine,J.-Émery-Provost,"0,00",Mairie de Montréal,Autre,ILUNGA Fabrice Ntompa,16
Lachine,J.-Émery-Provost,"0,00",Mairie de Montréal,Autre,LEMCO Tyler,12
Lachine,J.-Émery-Provost,"0,00",Mairie de Montréal,Autre,TESSIER Philippe,38
Lachine,J.-Émery-Provost,"0,00",Mairie de Montréal,Autre,THIBODEAU Gilbert,23
Lachine,J.-Émery-Provost,"0,00",Mairie de Montréal,Coalition,FORTIER Jean,59
Lachine,J.-Émery-Provost,"0,00",Mairie de Montréal,Coderre,CODERRE Denis,1511
Lachine,J.-Émery-Provost,"0,00",Mairie de Montréal,Projet,PLANTE Valérie,2409
Lachine,J.-Émery-Provost,"4,00",Mairie d'arrondissement,Autre,DAUPHIN Claude,1015
Lachine,J.-Émery-Provost,"4,00",Mairie d'arrondissement,Coderre,MÉNARD Catherine,601
Lachine,J.-Émery-Provost,"4,00",Mairie d'arrondissement,Projet,VODANOVIC Maja,1396
Lachine,J.-Émery-Provost,"4,00",Mairie d'arrondissement,VCM,BLANCHET Bernard,1108
Lachine,J.-Émery-Provost,"4,01",Conseil de Ville,Autre,RAMSAY Julie,859
Lachine,J.-Émery-Provost,"4,01",Conseil de Ville,Coderre,CLOUTIER Jean-François,831
Lachine,J.-Émery-Provost,"4,01",Conseil de Ville,Projet,ROULEAU Micheline,1591
Lachine,J.-Émery-Provost,"4,01",Conseil de Ville,VCM,VERGE Elizabeth,806
Lachine,J.-Émery-Provost,"4,20",Conseil d'arrondissement,Autre,RACICOT Daniel,829
Lachine,J.-Émery-Provost,"4,20",Conseil d'arrondissement,Coderre,LAMA Mehdi,656
Lachine,J.-Émery-Provost,"4,20",Conseil d'arrondissement,Projet,BOUKALA Younes,1577
Lachine,J.-Émery-Provost,"4,20",Conseil d'arrondissement,VCM,LEJEUNE Christian,1035
Lachine,du Canal,"0,00",Mairie de Montréal,Autre,GURBERG Bernard,24
Lachine,du Canal,"0,00",Mairie de Montréal,Autre,ILUNGA Fabrice Ntompa,17
Lachine,du Canal,"0,00",Mairie de Montréal,Autre,LEMCO Tyler,16
Lachine,du Canal,"0,00",Mairie de Montréal,Autre,TESSIER Philippe,34
Lachine,du Canal,"0,00",Mairie de Montréal,Autre,THIBODEAU Gilbert,27
Lachine,du Canal,"0,00",Mairie de Montréal,Coalition,FORTIER Jean,69
Lachine,du Canal,"0,00",Mairie de Montréal,Coderre,CODERRE Denis,1795
Lachine,du Canal,"0,00",Mairie de Montréal,Projet,PLANTE Valérie,2782
Lachine,du Canal,"4,00",Mairie d'arrondissement,Autre,DAUPHIN Claude,1059
Lachine,du Canal,"4,00",Mairie d'arrondissement,Coderre,MÉNARD Catherine,596
Lachine,du Canal,"4,00",Mairie d'arrondissement,Projet,VODANOVIC Maja,1869
Lachine,du Canal,"4,00",Mairie d'arrondissement,VCM,BLANCHET Bernard,1258
Lachine,du Canal,"4,01",Conseil de Ville,Autre,RAMSAY Julie,811
Lachine,du Canal,"4,01",Conseil de Ville,Coderre,CLOUTIER Jean-François,836
Lachine,du Canal,"4,01",Conseil de Ville,Projet,ROULEAU Micheline,1765
Lachine,du Canal,"4,01",Conseil de Ville,VCM,VERGE Elizabeth,1315
Lachine,du Canal,"4,10",Conseil d'arrondissement,Autre,HAINES Johanne,828
Lachine,du Canal,"4,10",Conseil d'arrondissement,Coderre,LELIÈVRE Anne-Marie,676
Lachine,du Canal,"4,10",Conseil d'arrondissement,Projet,PROVOST Julie-Pascale,1878
Lachine,du Canal,"4,10",Conseil d'arrondissement,VCM,HÉTU Marc,1345
Mercier–Hochelaga-Maisonneuve,Hochelaga,"0,00",Mairie de Montréal,Autre,GURBERG Bernard,19
Mercier–Hochelaga-Maisonneuve,Hochelaga,"0,00",Mairie de Montréal,Autre,ILUNGA Fabrice Ntompa,28
Mercier–Hochelaga-Maisonneuve,Hochelaga,"0,00",Mairie de Montréal,Autre,LEMCO Tyler,103
Mercier–Hochelaga-Maisonneuve,Hochelaga,"0,00",Mairie de Montréal,Autre,TESSIER Philippe,17
Mercier–Hochelaga-Maisonneuve,Hochelaga,"0,00",Mairie de Montréal,Autre,THIBODEAU Gilbert,38
Mercier–Hochelaga-Maisonneuve,Hochelaga,"0,00",Mairie de Montréal,Coalition,FORTIER Jean,61
Mercier–Hochelaga-Maisonneuve,Hochelaga,"0,00",Mairie de Montréal,Coderre,CODERRE Denis,3156
Mercier–Hochelaga-Maisonneuve,Hochelaga,"0,00",Mairie de Montréal,Projet,PLANTE Valérie,6958
Mercier–Hochelaga-Maisonneuve,Hochelaga,"7,00",Mairie d'arrondissement,Coderre,MÉNARD Réal,3542
Mercier–Hochelaga-Maisonneuve,Hochelaga,"7,00",Mairie d'arrondissement,Projet,LESSARD-BLAIS Pierre,6737
Mercier–Hochelaga-Maisonneuve,Hochelaga,"7,30",Conseil de Ville,Coderre,BEAUPRÉ Jean-François,2922
Mercier–Hochelaga-Maisonneuve,Hochelaga,"7,30",Conseil de Ville,Projet,CALDWELL Éric Alan,7326
Mercier–Hochelaga-Maisonneuve,Louis-Riel,"0,00",Mairie de Montréal,Autre,GURBERG Bernard,29
Mercier–Hochelaga-Maisonneuve,Louis-Riel,"0,00",Mairie de Montréal,Autre,ILUNGA Fabrice Ntompa,21
Mercier–Hochelaga-Maisonneuve,Louis-Riel,"0,00",Mairie de Montréal,Autre,LEMCO Tyler,9
Mercier–Hochelaga-Maisonneuve,Louis-Riel,"0,00",Mairie de Montréal,Autre,TESSIER Philippe,18
Mercier–Hochelaga-Maisonneuve,Louis-Riel,"0,00",Mairie de Montréal,Autre,THIBODEAU Gilbert,28
Mercier–Hochelaga-Maisonneuve,Louis-Riel,"0,00",Mairie de Montréal,Coalition,FORTIER Jean,94
Mercier–Hochelaga-Maisonneuve,Louis-Riel,"0,00",Mairie de Montréal,Coderre,CODERRE Denis,4985
Mercier–Hochelaga-Maisonneuve,Louis-Riel,"0,00",Mairie de Montréal,Projet,PLANTE Valérie,4747
Mercier–Hochelaga-Maisonneuve,Louis-Riel,"7,00",Mairie d'arrondissement,Coderre,MÉNARD Réal,5301
Mercier–Hochelaga-Maisonneuve,Louis-Riel,"7,00",Mairie d'arrondissement,Projet,LESSARD-BLAIS Pierre,4549
Mercier–Hochelaga-Maisonneuve,Louis-Riel,"7,40",Conseil de Ville,Coalition,NEVES Joao,252
Mercier–Hochelaga-Maisonneuve,Louis-Riel,"7,40",Conseil de Ville,Coderre,BOIVIN ROY Karine,5180
Mercier–Hochelaga-Maisonneuve,Louis-Riel,"7,40",Conseil de Ville,Projet,MEZA Isi,4386
Mercier–Hochelaga-Maisonneuve,Maisonneuve—Longue-Pointe,"0,00",Mairie de Montréal,Autre,GURBERG Bernard,26
Mercier–Hochelaga-Maisonneuve,Maisonneuve—Longue-Pointe,"0,00",Mairie de Montréal,Autre,ILUNGA Fabrice Ntompa,26
Mercier–Hochelaga-Maisonneuve,Maisonneuve—Longue-Pointe,"0,00",Mairie de Montréal,Autre,LEMCO Tyler,8
Mercier–Hochelaga-Maisonneuve,Maisonneuve—Longue-Pointe,"0,00",Mairie de Montréal,Autre,TESSIER Philippe,20
Mercier–Hochelaga-Maisonneuve,Maisonneuve—Longue-Pointe,"0,00",Mairie de Montréal,Autre,THIBODEAU Gilbert,31
Mercier–Hochelaga-Maisonneuve,Maisonneuve—Longue-Pointe,"0,00",Mairie de Montréal,Coalition,FORTIER Jean,69
Mercier–Hochelaga-Maisonneuve,Maisonneuve—Longue-Pointe,"0,00",Mairie de Montréal,Coderre,CODERRE Denis,4418
Mercier–Hochelaga-Maisonneuve,Maisonneuve—Longue-Pointe,"0,00",Mairie de Montréal,Projet,PLANTE Valérie,6611
Mercier–Hochelaga-Maisonneuve,Maisonneuve—Longue-Pointe,"7,00",Mairie d'arrondissement,Coderre,MÉNARD Réal,4774
Mercier–Hochelaga-Maisonneuve,Maisonneuve—Longue-Pointe,"7,00",Mairie d'arrondissement,Projet,LESSARD-BLAIS Pierre,6353
Mercier–Hochelaga-Maisonneuve,Maisonneuve—Longue-Pointe,"7,20",Conseil de Ville,Coderre,CHARTRAND Simon-Robert,4006
Mercier–Hochelaga-Maisonneuve,Maisonneuve—Longue-Pointe,"7,20",Conseil de Ville,Projet,LAVIGNE LALONDE Laurence,7077
Mercier–Hochelaga-Maisonneuve,Tétreaultville,"0,00",Mairie de Montréal,Autre,GURBERG Bernard,25
Mercier–Hochelaga-Maisonneuve,Tétreaultville,"0,00",Mairie de Montréal,Autre,ILUNGA Fabrice Ntompa,18
Mercier–Hochelaga-Maisonneuve,Tétreaultville,"0,00",Mairie de Montréal,Autre,LEMCO Tyler,16
Mercier–Hochelaga-Maisonneuve,Tétreaultville,"0,00",Mairie de Montréal,Autre,TESSIER Philippe,24
Mercier–Hochelaga-Maisonneuve,Tétreaultville,"0,00",Mairie de Montréal,Autre,THIBODEAU Gilbert,49
Mercier–Hochelaga-Maisonneuve,Tétreaultville,"0,00",Mairie de Montréal,Coalition,FORTIER Jean,91
Mercier–Hochelaga-Maisonneuve,Tétreaultville,"0,00",Mairie de Montréal,Coderre,CODERRE Denis,5434
Mercier–Hochelaga-Maisonneuve,Tétreaultville,"0,00",Mairie de Montréal,Projet,PLANTE Valérie,6437
Mercier–Hochelaga-Maisonneuve,Tétreaultville,"7,00",Mairie d'arrondissement,Coderre,MÉNARD Réal,5810
Mercier–Hochelaga-Maisonneuve,Tétreaultville,"7,00",Mairie d'arrondissement,Projet,LESSARD-BLAIS Pierre,6140
Mercier–Hochelaga-Maisonneuve,Tétreaultville,"7,10",Conseil de Ville,Coderre,CELZI Richard,4984
Mercier–Hochelaga-Maisonneuve,Tétreaultville,"7,10",Conseil de Ville,Projet,MIRON Suzie,6937
Montréal-Nord,Marie-Clarac,"0,00",Mairie de Montréal,Autre,GURBERG Bernard,31
Montréal-Nord,Marie-Clarac,"0,00",Mairie de Montréal,Autre,ILUNGA Fabrice Ntompa,32
Montréal-Nord,Marie-Clarac,"0,00",Mairie de Montréal,Autre,LEMCO Tyler,11
Montréal-Nord,Marie-Clarac,"0,00",Mairie de Montréal,Autre,TESSIER Philippe,31
Montréal-Nord,Marie-Clarac,"0,00",Mairie de Montréal,Autre,THIBODEAU Gilbert,33
Montréal-Nord,Marie-Clarac,"0,00",Mairie de Montréal,Coalition,FORTIER Jean,97
Montréal-Nord,Marie-Clarac,"0,00",Mairie de Montréal,Coderre,CODERRE Denis,5849
Montréal-Nord,Marie-Clarac,"0,00",Mairie de Montréal,Projet,PLANTE Valérie,3749
Montréal-Nord,Marie-Clarac,"8,00",Mairie d'arrondissement,Coderre,BLACK Christine,6399
Montréal-Nord,Marie-Clarac,"8,00",Mairie d'arrondissement,Projet,HOLNESS Balarama,3345
Montréal-Nord,Marie-Clarac,"8,10",Conseil de Ville,Autre,MICHEL Marie-Carmel,712
Montréal-Nord,Marie-Clarac,"8,10",Conseil de Ville,Coderre,SARI Abdelhaq,4881
Montréal-Nord,Marie-Clarac,"8,10",Conseil de Ville,Projet,LÉONARD Mathieu,4015
Montréal-Nord,Marie-Clarac,"8,11",Conseil d'arrondissement,Autre,BERNIER Henri-Paul,337
Montréal-Nord,Marie-Clarac,"8,11",Conseil d'arrondissement,Autre,BISSONNETTE Elaine,571
Montréal-Nord,Marie-Clarac,"8,11",Conseil d'arrondissement,Coderre,POIRIER Jean Marc,5180
Montréal-Nord,Marie-Clarac,"8,11",Conseil d'arrondissement,Projet,MARCELIN Anastasia,3551
Montréal-Nord,Ovide-Clermont,"0,00",Mairie de Montréal,Autre,GURBERG Bernard,24
Montréal-Nord,Ovide-Clermont,"0,00",Mairie de Montréal,Autre,ILUNGA Fabrice Ntompa,38
Montréal-Nord,Ovide-Clermont,"0,00",Mairie de Montréal,Autre,LEMCO Tyler,5
Montréal-Nord,Ovide-Clermont,"0,00",Mairie de Montréal,Autre,TESSIER Philippe,15
Montréal-Nord,Ovide-Clermont,"0,00",Mairie de Montréal,Autre,THIBODEAU Gilbert,12
Montréal-Nord,Ovide-Clermont,"0,00",Mairie de Montréal,Coalition,FORTIER Jean,70
Montréal-Nord,Ovide-Clermont,"0,00",Mairie de Montréal,Coderre,CODERRE Denis,5148
Montréal-Nord,Ovide-Clermont,"0,00",Mairie de Montréal,Projet,PLANTE Valérie,2934
Montréal-Nord,Ovide-Clermont,"8,00",Mairie d'arrondissement,Coderre,BLACK Christine,5465
Montréal-Nord,Ovide-Clermont,"8,00",Mairie d'arrondissement,Projet,HOLNESS Balarama,2691
Montréal-Nord,Ovide-Clermont,"8,20",Conseil de Ville,Coderre,CODERRE Denis,5409
Montréal-Nord,Ovide-Clermont,"8,20",Conseil de Ville,Projet,MERAZIL Sacha-Wilky,2853
Montréal-Nord,Ovide-Clermont,"8,21",Conseil d'arrondissement,Coderre,BELINGA Renée-Chantal,4985
Montréal-Nord,Ovide-Clermont,"8,21",Conseil d'arrondissement,Projet,CASIMIR Stéphanie,3062
Outremont,Claude-Ryan,"0,00",Mairie de Montréal,Autre,GURBERG Bernard,6
Outremont,Claude-Ryan,"0,00",Mairie de Montréal,Autre,ILUNGA Fabrice Ntompa,6
Outremont,Claude-Ryan,"0,00",Mairie de Montréal,Autre,LEMCO Tyler,3
Outremont,Claude-Ryan,"0,00",Mairie de Montréal,Autre,TESSIER Philippe,10
Outremont,Claude-Ryan,"0,00",Mairie de Montréal,Autre,THIBODEAU Gilbert,9
Outremont,Claude-Ryan,"0,00",Mairie de Montréal,Coalition,FORTIER Jean,18
Outremont,Claude-Ryan,"0,00",Mairie de Montréal,Coderre,CODERRE Denis,671
Outremont,Claude-Ryan,"0,00",Mairie de Montréal,Projet,PLANTE Valérie,1605
Outremont,Claude-Ryan,"9,00",Mairie d'arrondissement,Autre,LUSSIER Alexandre,356
Outremont,Claude-Ryan,"9,00",Mairie d'arrondissement,Coalition,MOROZ Ronald,19
Outremont,Claude-Ryan,"9,00",Mairie d'arrondissement,Coderre,POTVIN Marie,500
Outremont,Claude-Ryan,"9,00",Mairie d'arrondissement,Projet,TOMLINSON Philipe,1461
Outremont,Claude-Ryan,"9,10",Conseil d'arrondissement,Autre,RAYMOND Chantal,508
Outremont,Claude-Ryan,"9,10",Conseil d'arrondissement,Coderre,MURRAY Jeremy,449
Outremont,Claude-Ryan,"9,10",Conseil d'arrondissement,Projet,POLLAK Mindy,1186
Outremont,Jeanne-Sauvé,"0,00",Mairie de Montréal,Autre,GURBERG Bernard,5
Outremont,Jeanne-Sauvé,"0,00",Mairie de Montréal,Autre,ILUNGA Fabrice Ntompa,4
Outremont,Jeanne-Sauvé,"0,00",Mairie de Montréal,Autre,LEMCO Tyler,2
Outremont,Jeanne-Sauvé,"0,00",Mairie de Montréal,Autre,TESSIER Philippe,7
Outremont,Jeanne-Sauvé,"0,00",Mairie de Montréal,Autre,THIBODEAU Gilbert,6
Outremont,Jeanne-Sauvé,"0,00",Mairie de Montréal,Coalition,FORTIER Jean,14
Outremont,Jeanne-Sauvé,"0,00",Mairie de Montréal,Coderre,CODERRE Denis,1094
Outremont,Jeanne-Sauvé,"0,00",Mairie de Montréal,Projet,PLANTE Valérie,965
Outremont,Jeanne-Sauvé,"9,00",Mairie d'arrondissement,Autre,LUSSIER Alexandre,424
Outremont,Jeanne-Sauvé,"9,00",Mairie d'arrondissement,Coalition,MOROZ Ronald,10
Outremont,Jeanne-Sauvé,"9,00",Mairie d'arrondissement,Coderre,POTVIN Marie,791
Outremont,Jeanne-Sauvé,"9,00",Mairie d'arrondissement,Projet,TOMLINSON Philipe,865
Outremont,Jeanne-Sauvé,"9,40",Conseil d'arrondissement,Autre,GREMAUD Jacqueline,507
Outremont,Jeanne-Sauvé,"9,40",Conseil d'arrondissement,Coalition,MITCHELL Adrien,18
Outremont,Jeanne-Sauvé,"9,40",Conseil d'arrondissement,Coderre,GÉLINAS-ÉLIE Christine,711
Outremont,Jeanne-Sauvé,"9,40",Conseil d'arrondissement,Projet,MAGINI Fanny,851
Outremont,Joseph-Beaubien,"0,00",Mairie de Montréal,Autre,GURBERG Bernard,6
Outremont,Joseph-Beaubien,"0,00",Mairie de Montréal,Autre,ILUNGA Fabrice Ntompa,12
Outremont,Joseph-Beaubien,"0,00",Mairie de Montréal,Autre,LEMCO Tyler,2
Outremont,Joseph-Beaubien,"0,00",Mairie de Montréal,Autre,TESSIER Philippe,16
Outremont,Joseph-Beaubien,"0,00",Mairie de Montréal,Autre,THIBODEAU Gilbert,12
Outremont,Joseph-Beaubien,"0,00",Mairie de Montréal,Coalition,FORTIER Jean,11
Outremont,Joseph-Beaubien,"0,00",Mairie de Montréal,Coderre,CODERRE Denis,1041
Outremont,Joseph-Beaubien,"0,00",Mairie de Montréal,Projet,PLANTE Valérie,1522
Outremont,Joseph-Beaubien,"9,00",Mairie d'arrondissement,Autre,LUSSIER Alexandre,670
Outremont,Joseph-Beaubien,"9,00",Mairie d'arrondissement,Coalition,MOROZ Ronald,27
Outremont,Joseph-Beaubien,"9,00",Mairie d'arrondissement,Coderre,POTVIN Marie,635
Outremont,Joseph-Beaubien,"9,00",Mairie d'arrondissement,Projet,TOMLINSON Philipe,1295
Outremont,Joseph-Beaubien,"9,20",Conseil d'arrondissement,Autre,FORGET Céline,1012
Outremont,Joseph-Beaubien,"9,20",Conseil d'arrondissement,Coderre,HABIB William,390
Outremont,Joseph-Beaubien,"9,20",Conseil d'arrondissement,Projet,PATREAU Valérie,1219
Outremont,Robert-Bourassa,"0,00",Mairie de Montréal,Autre,GURBERG Bernard,8
Outremont,Robert-Bourassa,"0,00",Mairie de Montréal,Autre,ILUNGA Fabrice Ntompa,6
Outremont,Robert-Bourassa,"0,00",Mairie de Montréal,Autre,LEMCO Tyler,0
Outremont,Robert-Bourassa,"0,00",Mairie de Montréal,Autre,TESSIER Philippe,9
Outremont,Robert-Bourassa,"0,00",Mairie de Montréal,Autre,THIBODEAU Gilbert,8
Outremont,Robert-Bourassa,"0,00",Mairie de Montréal,Coalition,FORTIER Jean,8
Outremont,Robert-Bourassa,"0,00",Mairie de Montréal,Coderre,CODERRE Denis,1054
Outremont,Robert-Bourassa,"0,00",Mairie de Montréal,Projet,PLANTE Valérie,677
Outremont,Robert-Bourassa,"9,00",Mairie d'arrondissement,Autre,LUSSIER Alexandre,320
Outremont,Robert-Bourassa,"9,00",Mairie d'arrondissement,Coalition,MOROZ Ronald,12
Outremont,Robert-Bourassa,"9,00",Mairie d'arrondissement,Coderre,POTVIN Marie,874
Outremont,Robert-Bourassa,"9,00",Mairie d'arrondissement,Projet,TOMLINSON Philipe,576
Outremont,Robert-Bourassa,"9,30",Conseil d'arrondissement,Autre,LECOQ Frédéric,275
Outremont,Robert-Bourassa,"9,30",Conseil d'arrondissement,Coderre,CORBEIL Jean-Marc,818
Outremont,Robert-Bourassa,"9,30",Conseil d'arrondissement,Projet,DESBAILLETS David,665
Pierrefonds-Roxboro,Bois-de-Liesse,"0,00",Mairie de Montréal,Autre,GURBERG Bernard,71
Pierrefonds-Roxboro,Bois-de-Liesse,"0,00",Mairie de Montréal,Autre,ILUNGA Fabrice Ntompa,41
Pierrefonds-Roxboro,Bois-de-Liesse,"0,00",Mairie de Montréal,Autre,LEMCO Tyler,66
Pierrefonds-Roxboro,Bois-de-Liesse,"0,00",Mairie de Montréal,Autre,TESSIER Philippe,47
Pierrefonds-Roxboro,Bois-de-Liesse,"0,00",Mairie de Montréal,Autre,THIBODEAU Gilbert,58
Pierrefonds-Roxboro,Bois-de-Liesse,"0,00",Mairie de Montréal,Coalition,FORTIER Jean,146
Pierrefonds-Roxboro,Bois-de-Liesse,"0,00",Mairie de Montréal,Coderre,CODERRE Denis,4425
Pierrefonds-Roxboro,Bois-de-Liesse,"0,00",Mairie de Montréal,Projet,PLANTE Valérie,4282
Pierrefonds-Roxboro,Bois-de-Liesse,"10,00",Mairie d'arrondissement,Coderre,BEIS Dimitrios (Jim),4273
Pierrefonds-Roxboro,Bois-de-Liesse,"10,00",Mairie d'arrondissement,Projet,DUPONT Hélène,2888
Pierrefonds-Roxboro,Bois-de-Liesse,"10,00",Mairie d'arrondissement,VCM,MCINTYRE Justine,1993
Pierrefonds-Roxboro,Bois-de-Liesse,"10,10",Conseil de Ville,Coderre,LANGEVIN Benoit,3952
Pierrefonds-Roxboro,Bois-de-Liesse,"10,10",Conseil de Ville,Projet,MARTIN Andréanne,3466
Pierrefonds-Roxboro,Bois-de-Liesse,"10,10",Conseil de Ville,VCM,MCCARTY Eric,1657
Pierrefonds-Roxboro,Bois-de-Liesse,"10,11",Conseil d'arrondissement,Coderre,LEROUX Louise,4056
Pierrefonds-Roxboro,Bois-de-Liesse,"10,11",Conseil d'arrondissement,Projet,AUDOIN Alexis,3489
Pierrefonds-Roxboro,Bois-de-Liesse,"10,11",Conseil d'arrondissement,VCM,TROTTIER Roger,1522
Pierrefonds-Roxboro,Cap-Saint-Jacques,"0,00",Mairie de Montréal,Autre,GURBERG Bernard,46
Pierrefonds-Roxboro,Cap-Saint-Jacques,"0,00",Mairie de Montréal,Autre,ILUNGA Fabrice Ntompa,22
Pierrefonds-Roxboro,Cap-Saint-Jacques,"0,00",Mairie de Montréal,Autre,LEMCO Tyler,60
Pierrefonds-Roxboro,Cap-Saint-Jacques,"0,00",Mairie de Montréal,Autre,TESSIER Philippe,32
Pierrefonds-Roxboro,Cap-Saint-Jacques,"0,00",Mairie de Montréal,Autre,THIBODEAU Gilbert,26
Pierrefonds-Roxboro,Cap-Saint-Jacques,"0,00",Mairie de Montréal,Coalition,FORTIER Jean,79
Pierrefonds-Roxboro,Cap-Saint-Jacques,"0,00",Mairie de Montréal,Coderre,CODERRE Denis,3866
Pierrefonds-Roxboro,Cap-Saint-Jacques,"0,00",Mairie de Montréal,Projet,PLANTE Valérie,3941
Pierrefonds-Roxboro,Cap-Saint-Jacques,"10,00",Mairie d'arrondissement,Coderre,BEIS Dimitrios (Jim),3645
Pierrefonds-Roxboro,Cap-Saint-Jacques,"10,00",Mairie d'arrondissement,Projet,DUPONT Hélène,2845
Pierrefonds-Roxboro,Cap-Saint-Jacques,"10,00",Mairie d'arrondissement,VCM,MCINTYRE Justine,1565
Pierrefonds-Roxboro,Cap-Saint-Jacques,"10,20",Conseil de Ville,Autre,LABELLE Michael,912
Pierrefonds-Roxboro,Cap-Saint-Jacques,"10,20",Conseil de Ville,Coderre,CLÉMENT-TALBOT Catherine,3327
Pierrefonds-Roxboro,Cap-Saint-Jacques,"10,20",Conseil de Ville,Projet,STITT Ross,2719
Pierrefonds-Roxboro,Cap-Saint-Jacques,"10,20",Conseil de Ville,VCM,DE PAOLI Manuela,1102
Pierrefonds-Roxboro,Cap-Saint-Jacques,"10,21",Conseil d'arrondissement,Coderre,GIGNAC Yves,3682
Pierrefonds-Roxboro,Cap-Saint-Jacques,"10,21",Conseil d'arrondissement,Projet,PAPADOGIANNIS Peter,3319
Pierrefonds-Roxboro,Cap-Saint-Jacques,"10,21",Conseil d'arrondissement,VCM,SHAFIEI Naghmeh,1040
Plateau-Mont-Royal,DeLorimier,"0,00",Mairie de Montréal,Autre,GURBERG Bernard,17
Plateau-Mont-Royal,DeLorimier,"0,00",Mairie de Montréal,Autre,ILUNGA Fabrice Ntompa,24
Plateau-Mont-Royal,DeLorimier,"0,00",Mairie de Montréal,Autre,LEMCO Tyler,9
Plateau-Mont-Royal,DeLorimier,"0,00",Mairie de Montréal,Autre,TESSIER Philippe,18
Plateau-Mont-Royal,DeLorimier,"0,00",Mairie de Montréal,Autre,THIBODEAU Gilbert,48
Plateau-Mont-Royal,DeLorimier,"0,00",Mairie de Montréal,Coalition,FORTIER Jean,70
Plateau-Mont-Royal,DeLorimier,"0,00",Mairie de Montréal,Coderre,CODERRE Denis,3879
Plateau-Mont-Royal,DeLorimier,"0,00",Mairie de Montréal,Projet,PLANTE Valérie,7960
Plateau-Mont-Royal,DeLorimier,"11,00",Mairie d'arrondissement,Coderre,MACKLOVITCH Zach,4077
Plateau-Mont-Royal,DeLorimier,"11,00",Mairie d'arrondissement,Projet,FERRANDEZ Luc,7725
Plateau-Mont-Royal,DeLorimier,"11,20",Conseil de Ville,Coderre,GAUTHIER Linda,3464
Plateau-Mont-Royal,DeLorimier,"11,20",Conseil de Ville,Projet,GIGUÈRE Marianne,8415
Plateau-Mont-Royal,DeLorimier,"11,21",Conseil d'arrondissement,Coderre,SZARAZ Jean-Pierre,3219
Plateau-Mont-Royal,DeLorimier,"11,21",Conseil d'arrondissement,Projet,BLANCO Josefina,8656
Plateau-Mont-Royal,Jeanne-Mance,"0,00",Mairie de Montréal,Autre,GURBERG Bernard,34
Plateau-Mont-Royal,Jeanne-Mance,"0,00",Mairie de Montréal,Autre,ILUNGA Fabrice Ntompa,27
Plateau-Mont-Royal,Jeanne-Mance,"0,00",Mairie de Montréal,Autre,LEMCO Tyler,16
Plateau-Mont-Royal,Jeanne-Mance,"0,00",Mairie de Montréal,Autre,TESSIER Philippe,11
Plateau-Mont-Royal,Jeanne-Mance,"0,00",Mairie de Montréal,Autre,THIBODEAU Gilbert,20
Plateau-Mont-Royal,Jeanne-Mance,"0,00",Mairie de Montréal,Coalition,FORTIER Jean,84
Plateau-Mont-Royal,Jeanne-Mance,"0,00",Mairie de Montréal,Coderre,CODERRE Denis,3381
Plateau-Mont-Royal,Jeanne-Mance,"0,00",Mairie de Montréal,Projet,PLANTE Valérie,5196
Plateau-Mont-Royal,Jeanne-Mance,"11,00",Mairie d'arrondissement,Coderre,MACKLOVITCH Zach,3359
Plateau-Mont-Royal,Jeanne-Mance,"11,00",Mairie d'arrondissement,Projet,FERRANDEZ Luc,5216
Plateau-Mont-Royal,Jeanne-Mance,"11,30",Conseil de Ville,Autre,WHYTE Joash,142
Plateau-Mont-Royal,Jeanne-Mance,"11,30",Conseil de Ville,Coalition,RANKIN Deborah,338
Plateau-Mont-Royal,Jeanne-Mance,"11,30",Conseil de Ville,Coderre,DESJARDINS Marc-Antoine,2763
Plateau-Mont-Royal,Jeanne-Mance,"11,30",Conseil de Ville,Projet,NORRIS Alex,5390
Plateau-Mont-Royal,Jeanne-Mance,"11,31",Conseil d'arrondissement,Autre,DIAS Yvan,207
Plateau-Mont-Royal,Jeanne-Mance,"11,31",Conseil d'arrondissement,Coalition,REGAN Terrence,487
Plateau-Mont-Royal,Jeanne-Mance,"11,31",Conseil d'arrondissement,Coderre,LOUREIRO Daniel,2754
Plateau-Mont-Royal,Jeanne-Mance,"11,31",Conseil d'arrondissement,Projet,VILAIN Maeva,5229
Plateau-Mont-Royal,Mile-End,"0,00",Mairie de Montréal,Autre,GURBERG Bernard,34
Plateau-Mont-Royal,Mile-End,"0,00",Mairie de Montréal,Autre,ILUNGA Fabrice Ntompa,20
Plateau-Mont-Royal,Mile-End,"0,00",Mairie de Montréal,Autre,LEMCO Tyler,12
Plateau-Mont-Royal,Mile-End,"0,00",Mairie de Montréal,Autre,TESSIER Philippe,15
Plateau-Mont-Royal,Mile-End,"0,00",Mairie de Montréal,Autre,THIBODEAU Gilbert,24
Plateau-Mont-Royal,Mile-End,"0,00",Mairie de Montréal,Coalition,FORTIER Jean,61
Plateau-Mont-Royal,Mile-End,"0,00",Mairie de Montréal,Coderre,CODERRE Denis,3101
Plateau-Mont-Royal,Mile-End,"0,00",Mairie de Montréal,Projet,PLANTE Valérie,6908
Plateau-Mont-Royal,Mile-End,"11,00",Mairie d'arrondissement,Coderre,MACKLOVITCH Zach,3002
Plateau-Mont-Royal,Mile-End,"11,00",Mairie d'arrondissement,Projet,FERRANDEZ Luc,7056
Plateau-Mont-Royal,Mile-End,"11,10",Conseil de Ville,Autre,SUSTAM Halil,279
Plateau-Mont-Royal,Mile-End,"11,10",Conseil de Ville,Coderre,ALMEIDA-CÔTÉ Iris,2628
Plateau-Mont-Royal,Mile-End,"11,10",Conseil de Ville,Projet,RYAN Richard,7171
Plateau-Mont-Royal,Mile-End,"11,11",Conseil d'arrondissement,Coderre,PROPHÈTE Jean David,2367
Plateau-Mont-Royal,Mile-End,"11,11",Conseil d'arrondissement,Projet,PLOURDE Marie,7699
Rivière-des-Prairies–Pointe-aux-Trembles,La Pointe-aux-Prairies,"0,00",Mairie de Montréal,Autre,GURBERG Bernard,20
Rivière-des-Prairies–Pointe-aux-Trembles,La Pointe-aux-Prairies,"0,00",Mairie de Montréal,Autre,ILUNGA Fabrice Ntompa,41
Rivière-des-Prairies–Pointe-aux-Trembles,La Pointe-aux-Prairies,"0,00",Mairie de Montréal,Autre,LEMCO Tyler,10
Rivière-des-Prairies–Pointe-aux-Trembles,La Pointe-aux-Prairies,"0,00",Mairie de Montréal,Autre,TESSIER Philippe,33
Rivière-des-Prairies–Pointe-aux-Trembles,La Pointe-aux-Prairies,"0,00",Mairie de Montréal,Autre,THIBODEAU Gilbert,38
Rivière-des-Prairies–Pointe-aux-Trembles,La Pointe-aux-Prairies,"0,00",Mairie de Montréal,Coalition,FORTIER Jean,91
Rivière-des-Prairies–Pointe-aux-Trembles,La Pointe-aux-Prairies,"0,00",Mairie de Montréal,Coderre,CODERRE Denis,6306
Rivière-des-Prairies–Pointe-aux-Trembles,La Pointe-aux-Prairies,"0,00",Mairie de Montréal,Projet,PLANTE Valérie,6080
Rivière-des-Prairies–Pointe-aux-Trembles,La Pointe-aux-Prairies,"12,00",Mairie d'arrondissement,Coderre,ROULEAU Chantal,7067
Rivière-des-Prairies–Pointe-aux-Trembles,La Pointe-aux-Prairies,"12,00",Mairie d'arrondissement,Projet,MERCURI Pietro,5516
Rivière-des-Prairies–Pointe-aux-Trembles,La Pointe-aux-Prairies,"12,10",Conseil de Ville,Coderre,GUAY Richard,6306
Rivière-des-Prairies–Pointe-aux-Trembles,La Pointe-aux-Prairies,"12,10",Conseil de Ville,Projet,COLIN Daphney,6224
Rivière-des-Prairies–Pointe-aux-Trembles,La Pointe-aux-Prairies,"12,11",Conseil d'arrondissement,Autre,LANOUE Alain,358
Rivière-des-Prairies–Pointe-aux-Trembles,La Pointe-aux-Prairies,"12,11",Conseil d'arrondissement,Coderre,GUEDES Manuel,6072
Rivière-des-Prairies–Pointe-aux-Trembles,La Pointe-aux-Prairies,"12,11",Conseil d'arrondissement,Projet,CHRISTENSEN Lisa,6104
Rivière-des-Prairies–Pointe-aux-Trembles,Pointe-aux-Trembles,"0,00",Mairie de Montréal,Autre,GURBERG Bernard,14
Rivière-des-Prairies–Pointe-aux-Trembles,Pointe-aux-Trembles,"0,00",Mairie de Montréal,Autre,ILUNGA Fabrice Ntompa,22
Rivière-des-Prairies–Pointe-aux-Trembles,Pointe-aux-Trembles,"0,00",Mairie de Montréal,Autre,LEMCO Tyler,7
Rivière-des-Prairies–Pointe-aux-Trembles,Pointe-aux-Trembles,"0,00",Mairie de Montréal,Autre,TESSIER Philippe,28
Rivière-des-Prairies–Pointe-aux-Trembles,Pointe-aux-Trembles,"0,00",Mairie de Montréal,Autre,THIBODEAU Gilbert,45
Rivière-des-Prairies–Pointe-aux-Trembles,Pointe-aux-Trembles,"0,00",Mairie de Montréal,Coalition,FORTIER Jean,98
Rivière-des-Prairies–Pointe-aux-Trembles,Pointe-aux-Trembles,"0,00",Mairie de Montréal,Coderre,CODERRE Denis,5154
Rivière-des-Prairies–Pointe-aux-Trembles,Pointe-aux-Trembles,"0,00",Mairie de Montréal,Projet,PLANTE Valérie,5479
Rivière-des-Prairies–Pointe-aux-Trembles,Pointe-aux-Trembles,"12,00",Mairie d'arrondissement,Coderre,ROULEAU Chantal,6184
Rivière-des-Prairies–Pointe-aux-Trembles,Pointe-aux-Trembles,"12,00",Mairie d'arrondissement,Projet,MERCURI Pietro,4568
Rivière-des-Prairies–Pointe-aux-Trembles,Pointe-aux-Trembles,"12,20",Conseil de Ville,Coderre,DÉCARIE Suzanne,5947
Rivière-des-Prairies–Pointe-aux-Trembles,Pointe-aux-Trembles,"12,20",Conseil de Ville,Projet,LEBOEUF-MCGREGOR Tomy-Richard,4856
Rivière-des-Prairies–Pointe-aux-Trembles,Pointe-aux-Trembles,"12,21",Conseil d'arrondissement,Coderre,DÉZIEL Gilles,5768
Rivière-des-Prairies–Pointe-aux-Trembles,Pointe-aux-Trembles,"12,21",Conseil d'arrondissement,Projet,GELIN Vladimir,5001
Rivière-des-Prairies–Pointe-aux-Trembles,Rivière-des-Prairies,"0,00",Mairie de Montréal,Autre,GURBERG Bernard,35
Rivière-des-Prairies–Pointe-aux-Trembles,Rivière-des-Prairies,"0,00",Mairie de Montréal,Autre,ILUNGA Fabrice Ntompa,44
Rivière-des-Prairies–Pointe-aux-Trembles,Rivière-des-Prairies,"0,00",Mairie de Montréal,Autre,LEMCO Tyler,20
Rivière-des-Prairies–Pointe-aux-Trembles,Rivière-des-Prairies,"0,00",Mairie de Montréal,Autre,TESSIER Philippe,10
Rivière-des-Prairies–Pointe-aux-Trembles,Rivière-des-Prairies,"0,00",Mairie de Montréal,Autre,THIBODEAU Gilbert,25
Rivière-des-Prairies–Pointe-aux-Trembles,Rivière-des-Prairies,"0,00",Mairie de Montréal,Coalition,FORTIER Jean,121
Rivière-des-Prairies–Pointe-aux-Trembles,Rivière-des-Prairies,"0,00",Mairie de Montréal,Coderre,CODERRE Denis,5657
Rivière-des-Prairies–Pointe-aux-Trembles,Rivière-des-Prairies,"0,00",Mairie de Montréal,Projet,PLANTE Valérie,3757
Rivière-des-Prairies–Pointe-aux-Trembles,Rivière-des-Prairies,"12,00",Mairie d'arrondissement,Coderre,ROULEAU Chantal,5610
Rivière-des-Prairies–Pointe-aux-Trembles,Rivière-des-Prairies,"12,00",Mairie d'arrondissement,Projet,MERCURI Pietro,3929
Rivière-des-Prairies–Pointe-aux-Trembles,Rivière-des-Prairies,"12,30",Conseil de Ville,Coderre,RAPANÀ Giovanni,5740
Rivière-des-Prairies–Pointe-aux-Trembles,Rivière-des-Prairies,"12,30",Conseil de Ville,Projet,PERLERA Hector,3836
Rivière-des-Prairies–Pointe-aux-Trembles,Rivière-des-Prairies,"12,31",Conseil d'arrondissement,Coderre,PIERRE-ANTOINE Nathalie,5733
Rivière-des-Prairies–Pointe-aux-Trembles,Rivière-des-Prairies,"12,31",Conseil d'arrondissement,Projet,DÉSIRÉ Jean-Eddie Jr,3768
Rosemont–La Petite-Patrie,Marie-Victorin,"0,00",Mairie de Montréal,Autre,GURBERG Bernard,21
Rosemont–La Petite-Patrie,Marie-Victorin,"0,00",Mairie de Montréal,Autre,ILUNGA Fabrice Ntompa,18
Rosemont–La Petite-Patrie,Marie-Victorin,"0,00",Mairie de Montréal,Autre,LEMCO Tyler,13
Rosemont–La Petite-Patrie,Marie-Victorin,"0,00",Mairie de Montréal,Autre,TESSIER Philippe,35
Rosemont–La Petite-Patrie,Marie-Victorin,"0,00",Mairie de Montréal,Autre,THIBODEAU Gilbert,36
Rosemont–La Petite-Patrie,Marie-Victorin,"0,00",Mairie de Montréal,Coalition,FORTIER Jean,83
Rosemont–La Petite-Patrie,Marie-Victorin,"0,00",Mairie de Montréal,Coderre,CODERRE Denis,5314
Rosemont–La Petite-Patrie,Marie-Victorin,"0,00",Mairie de Montréal,Projet,PLANTE Valérie,5419
Rosemont–La Petite-Patrie,Marie-Victorin,"13,00",Mairie d'arrondissement,Coderre,GADOURY Marc-André,4820
Rosemont–La Petite-Patrie,Marie-Victorin,"13,00",Mairie d'arrondissement,Projet,CROTEAU François William,6006
Rosemont–La Petite-Patrie,Marie-Victorin,"13,40",Conseil de Ville,Coderre,FORTIN Nathalie,5122
Rosemont–La Petite-Patrie,Marie-Victorin,"13,40",Conseil de Ville,Projet,PAUZÉ Jocelyn,5690
Rosemont–La Petite-Patrie,Saint-Édouard,"0,00",Mairie de Montréal,Autre,GURBERG Bernard,35
Rosemont–La Petite-Patrie,Saint-Édouard,"0,00",Mairie de Montréal,Autre,ILUNGA Fabrice Ntompa,24
Rosemont–La Petite-Patrie,Saint-Édouard,"0,00",Mairie de Montréal,Autre,LEMCO Tyler,19
Rosemont–La Petite-Patrie,Saint-Édouard,"0,00",Mairie de Montréal,Autre,TESSIER Philippe,26
Rosemont–La Petite-Patrie,Saint-Édouard,"0,00",Mairie de Montréal,Autre,THIBODEAU Gilbert,42
Rosemont–La Petite-Patrie,Saint-Édouard,"0,00",Mairie de Montréal,Coalition,FORTIER Jean,54
Rosemont–La Petite-Patrie,Saint-Édouard,"0,00",Mairie de Montréal,Coderre,CODERRE Denis,3660
Rosemont–La Petite-Patrie,Saint-Édouard,"0,00",Mairie de Montréal,Projet,PLANTE Valérie,8748
Rosemont–La Petite-Patrie,Saint-Édouard,"13,00",Mairie d'arrondissement,Coderre,GADOURY Marc-André,2899
Rosemont–La Petite-Patrie,Saint-Édouard,"13,00",Mairie d'arrondissement,Projet,CROTEAU François William,9590
Rosemont–La Petite-Patrie,Saint-Édouard,"13,10",Conseil de Ville,Coderre,HALLAK Jack Y.,2813
Rosemont–La Petite-Patrie,Saint-Édouard,"13,10",Conseil de Ville,Projet,LIMOGES François,9626
Rosemont–La Petite-Patrie,Vieux-Rosemont,"0,00",Mairie de Montréal,Autre,GURBERG Bernard,27
Rosemont–La Petite-Patrie,Vieux-Rosemont,"0,00",Mairie de Montréal,Autre,ILUNGA Fabrice Ntompa,28
Rosemont–La Petite-Patrie,Vieux-Rosemont,"0,00",Mairie de Montréal,Autre,LEMCO Tyler,8
Rosemont–La Petite-Patrie,Vieux-Rosemont,"0,00",Mairie de Montréal,Autre,TESSIER Philippe,19
Rosemont–La Petite-Patrie,Vieux-Rosemont,"0,00",Mairie de Montréal,Autre,THIBODEAU Gilbert,52
Rosemont–La Petite-Patrie,Vieux-Rosemont,"0,00",Mairie de Montréal,Coalition,FORTIER Jean,80
Rosemont–La Petite-Patrie,Vieux-Rosemont,"0,00",Mairie de Montréal,Coderre,CODERRE Denis,5157
Rosemont–La Petite-Patrie,Vieux-Rosemont,"0,00",Mairie de Montréal,Projet,PLANTE Valérie,8115
Rosemont–La Petite-Patrie,Vieux-Rosemont,"13,00",Mairie d'arrondissement,Coderre,GADOURY Marc-André,4216
Rosemont–La Petite-Patrie,Vieux-Rosemont,"13,00",Mairie d'arrondissement,Projet,CROTEAU François William,9153
Rosemont–La Petite-Patrie,Vieux-Rosemont,"13,30",Conseil de Ville,Coderre,LAAGAD Mariam,4333
Rosemont–La Petite-Patrie,Vieux-Rosemont,"13,30",Conseil de Ville,Projet,GOSSELIN Christine,9014
Rosemont–La Petite-Patrie,Étienne-Desmarteau,"0,00",Mairie de Montréal,Autre,GURBERG Bernard,31
Rosemont–La Petite-Patrie,Étienne-Desmarteau,"0,00",Mairie de Montréal,Autre,ILUNGA Fabrice Ntompa,23
Rosemont–La Petite-Patrie,Étienne-Desmarteau,"0,00",Mairie de Montréal,Autre,LEMCO Tyler,11
Rosemont–La Petite-Patrie,Étienne-Desmarteau,"0,00",Mairie de Montréal,Autre,TESSIER Philippe,22
Rosemont–La Petite-Patrie,Étienne-Desmarteau,"0,00",Mairie de Montréal,Autre,THIBODEAU Gilbert,22
Rosemont–La Petite-Patrie,Étienne-Desmarteau,"0,00",Mairie de Montréal,Coalition,FORTIER Jean,68
Rosemont–La Petite-Patrie,Étienne-Desmarteau,"0,00",Mairie de Montréal,Coderre,CODERRE Denis,4129
Rosemont–La Petite-Patrie,Étienne-Desmarteau,"0,00",Mairie de Montréal,Projet,PLANTE Valérie,7845
Rosemont–La Petite-Patrie,Étienne-Desmarteau,"13,00",Mairie d'arrondissement,Coderre,GADOURY Marc-André,3517
Rosemont–La Petite-Patrie,Étienne-Desmarteau,"13,00",Mairie d'arrondissement,Projet,CROTEAU François William,8526
Rosemont–La Petite-Patrie,Étienne-Desmarteau,"13,20",Conseil de Ville,Coderre,MCKAY Scott,3928
Rosemont–La Petite-Patrie,Étienne-Desmarteau,"13,20",Conseil de Ville,Projet,WATT Stéphanie,8113
Saint-Laurent,Côte-de-Liesse,"0,00",Mairie de Montréal,Autre,GURBERG Bernard,97
Saint-Laurent,Côte-de-Liesse,"0,00",Mairie de Montréal,Autre,ILUNGA Fabrice Ntompa,46
Saint-Laurent,Côte-de-Liesse,"0,00",Mairie de Montréal,Autre,LEMCO Tyler,57
Saint-Laurent,Côte-de-Liesse,"0,00",Mairie de Montréal,Autre,TESSIER Philippe,27
Saint-Laurent,Côte-de-Liesse,"0,00",Mairie de Montréal,Autre,THIBODEAU Gilbert,24
Saint-Laurent,Côte-de-Liesse,"0,00",Mairie de Montréal,Coalition,FORTIER Jean,146
Saint-Laurent,Côte-de-Liesse,"0,00",Mairie de Montréal,Coderre,CODERRE Denis,6368
Saint-Laurent,Côte-de-Liesse,"0,00",Mairie de Montréal,Projet,PLANTE Valérie,3873
Saint-Laurent,Côte-de-Liesse,"14,00",Mairie d'arrondissement,Coderre,DESOUSA Alan,7272
Saint-Laurent,Côte-de-Liesse,"14,00",Mairie d'arrondissement,Projet,CHÉNIER-JONES Nora,3302
Saint-Laurent,Côte-de-Liesse,"14,10",Conseil de Ville,Coderre,MIELE Francesco,7171
Saint-Laurent,Côte-de-Liesse,"14,10",Conseil de Ville,Projet,FARAH Salman,3314
Saint-Laurent,Côte-de-Liesse,"14,11",Conseil d'arrondissement,Autre,BONENFANT Mario,501
Saint-Laurent,Côte-de-Liesse,"14,11",Conseil d'arrondissement,Coderre,COHEN Jacques,6680
Saint-Laurent,Côte-de-Liesse,"14,11",Conseil d'arrondissement,Projet,RIVERA Julio,3323
Saint-Laurent,Norman-McLaren,"0,00",Mairie de Montréal,Autre,GURBERG Bernard,84
Saint-Laurent,Norman-McLaren,"0,00",Mairie de Montréal,Autre,ILUNGA Fabrice Ntompa,36
Saint-Laurent,Norman-McLaren,"0,00",Mairie de Montréal,Autre,LEMCO Tyler,40
Saint-Laurent,Norman-McLaren,"0,00",Mairie de Montréal,Autre,TESSIER Philippe,55
Saint-Laurent,Norman-McLaren,"0,00",Mairie de Montréal,Autre,THIBODEAU Gilbert,35
Saint-Laurent,Norman-McLaren,"0,00",Mairie de Montréal,Coalition,FORTIER Jean,176
Saint-Laurent,Norman-McLaren,"0,00",Mairie de Montréal,Coderre,CODERRE Denis,4823
Saint-Laurent,Norman-McLaren,"0,00",Mairie de Montréal,Projet,PLANTE Valérie,3432
Saint-Laurent,Norman-McLaren,"14,00",Mairie d'arrondissement,Coderre,DESOUSA Alan,5605
Saint-Laurent,Norman-McLaren,"14,00",Mairie d'arrondissement,Projet,CHÉNIER-JONES Nora,3061
Saint-Laurent,Norman-McLaren,"14,20",Conseil de Ville,Coderre,SALEM Aref,4887
Saint-Laurent,Norman-McLaren,"14,20",Conseil de Ville,Projet,LAMONTAGNE Julie,3727
Saint-Laurent,Norman-McLaren,"14,21",Conseil d'arrondissement,Autre,GONDAL Jamil Ahmad,204
Saint-Laurent,Norman-McLaren,"14,21",Conseil d'arrondissement,Coderre,BIRON Michèle D.,4847
Saint-Laurent,Norman-McLaren,"14,21",Conseil d'arrondissement,Projet,HAKIM Rafik,2849
Saint-Laurent,Norman-McLaren,"14,21",Conseil d'arrondissement,VCM,BITAR Elias,695
Saint-Léonard,Saint-Léonard-Est,"0,00",Mairie de Montréal,Autre,GURBERG Bernard,46
Saint-Léonard,Saint-Léonard-Est,"0,00",Mairie de Montréal,Autre,ILUNGA Fabrice Ntompa,49
Saint-Léonard,Saint-Léonard-Est,"0,00",Mairie de Montréal,Autre,LEMCO Tyler,14
Saint-Léonard,Saint-Léonard-Est,"0,00",Mairie de Montréal,Autre,TESSIER Philippe,25
Saint-Léonard,Saint-Léonard-Est,"0,00",Mairie de Montréal,Autre,THIBODEAU Gilbert,38
Saint-Léonard,Saint-Léonard-Est,"0,00",Mairie de Montréal,Coalition,FORTIER Jean,111
Saint-Léonard,Saint-Léonard-Est,"0,00",Mairie de Montréal,Coderre,CODERRE Denis,4865
Saint-Léonard,Saint-Léonard-Est,"0,00",Mairie de Montréal,Projet,PLANTE Valérie,2889
Saint-Léonard,Saint-Léonard-Est,"15,00",Mairie d'arrondissement,Autre,DI PAOLA Tommaso,421
Saint-Léonard,Saint-Léonard-Est,"15,00",Mairie d'arrondissement,Coderre,BISSONNET Michel,5166
Saint-Léonard,Saint-Léonard-Est,"15,00",Mairie d'arrondissement,Projet,CARON Julie,2399
Saint-Léonard,Saint-Léonard-Est,"15,10",Conseil de Ville,Coderre,LATTANZIO Patricia R.,5351
Saint-Léonard,Saint-Léonard-Est,"15,10",Conseil de Ville,Projet,EL KORBI Arij-Abrar,2582
Saint-Léonard,Saint-Léonard-Est,"15,11",Conseil d'arrondissement,Coderre,TREMBLAY Lili-Anne,4602
Saint-Léonard,Saint-Léonard-Est,"15,11",Conseil d'arrondissement,Projet,CAPUANO Giovanni,3250
Saint-Léonard,Saint-Léonard-Ouest,"0,00",Mairie de Montréal,Autre,GURBERG Bernard,55
Saint-Léonard,Saint-Léonard-Ouest,"0,00",Mairie de Montréal,Autre,ILUNGA Fabrice Ntompa,55
Saint-Léonard,Saint-Léonard-Ouest,"0,00",Mairie de Montréal,Autre,LEMCO Tyler,21
Saint-Léonard,Saint-Léonard-Ouest,"0,00",Mairie de Montréal,Autre,TESSIER Philippe,25
Saint-Léonard,Saint-Léonard-Ouest,"0,00",Mairie de Montréal,Autre,THIBODEAU Gilbert,27
Saint-Léonard,Saint-Léonard-Ouest,"0,00",Mairie de Montréal,Coalition,FORTIER Jean,119
Saint-Léonard,Saint-Léonard-Ouest,"0,00",Mairie de Montréal,Coderre,CODERRE Denis,6017
Saint-Léonard,Saint-Léonard-Ouest,"0,00",Mairie de Montréal,Projet,PLANTE Valérie,3735
Saint-Léonard,Saint-Léonard-Ouest,"15,00",Mairie d'arrondissement,Autre,DI PAOLA Tommaso,467
Saint-Léonard,Saint-Léonard-Ouest,"15,00",Mairie d'arrondissement,Coderre,BISSONNET Michel,6485
Saint-Léonard,Saint-Léonard-Ouest,"15,00",Mairie d'arrondissement,Projet,CARON Julie,3096
Saint-Léonard,Saint-Léonard-Ouest,"15,20",Conseil de Ville,Coderre,PERRI Dominic,6632
Saint-Léonard,Saint-Léonard-Ouest,"15,20",Conseil de Ville,Projet,FREJ Oualid,3283
Saint-Léonard,Saint-Léonard-Ouest,"15,21",Conseil d'arrondissement,Autre,ALDONZAR Nickenson,376
Saint-Léonard,Saint-Léonard-Ouest,"15,21",Conseil d'arrondissement,Coderre,BATTISTA Mario,6427
Saint-Léonard,Saint-Léonard-Ouest,"15,21",Conseil d'arrondissement,Projet,DRUELLE Anick,3175
Sud-Ouest,Saint-Henri-Est–Petite-Bourgogne–Pointe-Saint-Charles–Griffintown,"0,00",Mairie de Montréal,Autre,GURBERG Bernard,50
Sud-Ouest,Saint-Henri-Est–Petite-Bourgogne–Pointe-Saint-Charles–Griffintown,"0,00",Mairie de Montréal,Autre,ILUNGA Fabrice Ntompa,54
Sud-Ouest,Saint-Henri-Est–Petite-Bourgogne–Pointe-Saint-Charles–Griffintown,"0,00",Mairie de Montréal,Autre,LEMCO Tyler,101
Sud-Ouest,Saint-Henri-Est–Petite-Bourgogne–Pointe-Saint-Charles–Griffintown,"0,00",Mairie de Montréal,Autre,TESSIER Philippe,23
Sud-Ouest,Saint-Henri-Est–Petite-Bourgogne–Pointe-Saint-Charles–Griffintown,"0,00",Mairie de Montréal,Autre,THIBODEAU Gilbert,33
Sud-Ouest,Saint-Henri-Est–Petite-Bourgogne–Pointe-Saint-Charles–Griffintown,"0,00",Mairie de Montréal,Coalition,FORTIER Jean,113
Sud-Ouest,Saint-Henri-Est–Petite-Bourgogne–Pointe-Saint-Charles–Griffintown,"0,00",Mairie de Montréal,Coderre,CODERRE Denis,4650
Sud-Ouest,Saint-Henri-Est–Petite-Bourgogne–Pointe-Saint-Charles–Griffintown,"0,00",Mairie de Montréal,Projet,PLANTE Valérie,6920
Sud-Ouest,Saint-Henri-Est–Petite-Bourgogne–Pointe-Saint-Charles–Griffintown,"16,00",Mairie d'arrondissement,Coderre,MÉRINEAU Denise,3298
Sud-Ouest,Saint-Henri-Est–Petite-Bourgogne–Pointe-Saint-Charles–Griffintown,"16,00",Mairie d'arrondissement,Projet,DORAIS Benoit,8561
Sud-Ouest,Saint-Henri-Est–Petite-Bourgogne–Pointe-Saint-Charles–Griffintown,"16,10",Conseil d'arrondissement,Autre,TSUKALAS Thomas,119
Sud-Ouest,Saint-Henri-Est–Petite-Bourgogne–Pointe-Saint-Charles–Griffintown,"16,10",Conseil d'arrondissement,Coalition,TANOLI Taimur,154
Sud-Ouest,Saint-Henri-Est–Petite-Bourgogne–Pointe-Saint-Charles–Griffintown,"16,10",Conseil d'arrondissement,Coderre,DOYLE Daniel,3763
Sud-Ouest,Saint-Henri-Est–Petite-Bourgogne–Pointe-Saint-Charles–Griffintown,"16,10",Conseil d'arrondissement,Projet,SAUVÉ Craig,7794
Sud-Ouest,Saint-Henri-Est–Petite-Bourgogne–Pointe-Saint-Charles–Griffintown,"16,11",Conseil de Ville,Coderre,PICHER Nicole,3996
Sud-Ouest,Saint-Henri-Est–Petite-Bourgogne–Pointe-Saint-Charles–Griffintown,"16,11",Conseil de Ville,Projet,THIÉBAUT Sophie,7808
Sud-Ouest,Saint-Paul–Émard–Saint-Henri-Ouest,"0,00",Mairie de Montréal,Autre,GURBERG Bernard,34
Sud-Ouest,Saint-Paul–Émard–Saint-Henri-Ouest,"0,00",Mairie de Montréal,Autre,ILUNGA Fabrice Ntompa,26
Sud-Ouest,Saint-Paul–Émard–Saint-Henri-Ouest,"0,00",Mairie de Montréal,Autre,LEMCO Tyler,14
Sud-Ouest,Saint-Paul–Émard–Saint-Henri-Ouest,"0,00",Mairie de Montréal,Autre,TESSIER Philippe,24
Sud-Ouest,Saint-Paul–Émard–Saint-Henri-Ouest,"0,00",Mairie de Montréal,Autre,THIBODEAU Gilbert,32
Sud-Ouest,Saint-Paul–Émard–Saint-Henri-Ouest,"0,00",Mairie de Montréal,Coalition,FORTIER Jean,94
Sud-Ouest,Saint-Paul–Émard–Saint-Henri-Ouest,"0,00",Mairie de Montréal,Coderre,CODERRE Denis,3777
Sud-Ouest,Saint-Paul–Émard–Saint-Henri-Ouest,"0,00",Mairie de Montréal,Projet,PLANTE Valérie,6050
Sud-Ouest,Saint-Paul–Émard–Saint-Henri-Ouest,"16,00",Mairie d'arrondissement,Coderre,MÉRINEAU Denise,2933
Sud-Ouest,Saint-Paul–Émard–Saint-Henri-Ouest,"16,00",Mairie d'arrondissement,Projet,DORAIS Benoit,7006
Sud-Ouest,Saint-Paul–Émard–Saint-Henri-Ouest,"16,20",Conseil d'arrondissement,Coderre,AUDETTE Marc-Antoine,3369
Sud-Ouest,Saint-Paul–Émard–Saint-Henri-Ouest,"16,20",Conseil d'arrondissement,Projet,SIGOUIN Anne-Marie,6553
Sud-Ouest,Saint-Paul–Émard–Saint-Henri-Ouest,"16,21",Conseil de Ville,Coderre,OUAMABIA Claudia Olga,3233
Sud-Ouest,Saint-Paul–Émard–Saint-Henri-Ouest,"16,21",Conseil de Ville,Projet,VAILLANCOURT Alain,6705
Verdun,Champlain—L'Île-des-Soeurs,"0,00",Mairie de Montréal,Autre,GURBERG Bernard,24
Verdun,Champlain—L'Île-des-Soeurs,"0,00",Mairie de Montréal,Autre,ILUNGA Fabrice Ntompa,15
Verdun,Champlain—L'Île-des-Soeurs,"0,00",Mairie de Montréal,Autre,LEMCO Tyler,19
Verdun,Champlain—L'Île-des-Soeurs,"0,00",Mairie de Montréal,Autre,TESSIER Philippe,11
Verdun,Champlain—L'Île-des-Soeurs,"0,00",Mairie de Montréal,Autre,THIBODEAU Gilbert,18
Verdun,Champlain—L'Île-des-Soeurs,"0,00",Mairie de Montréal,Coalition,FORTIER Jean,64
Verdun,Champlain—L'Île-des-Soeurs,"0,00",Mairie de Montréal,Coderre,CODERRE Denis,6271
Verdun,Champlain—L'Île-des-Soeurs,"0,00",Mairie de Montréal,Projet,PLANTE Valérie,5596
Verdun,Champlain—L'Île-des-Soeurs,"17,00",Mairie d'arrondissement,Coderre,PARENTEAU Jean-François,6785
Verdun,Champlain—L'Île-des-Soeurs,"17,00",Mairie d'arrondissement,Projet,CHAPPAZ Michèle,5178
Verdun,Champlain—L'Île-des-Soeurs,"17,10",Conseil de Ville,Coderre,PARENT Marie-Josée,6265
Verdun,Champlain—L'Île-des-Soeurs,"17,10",Conseil de Ville,Projet,PEDRO Nathalie,5582
Verdun,Champlain—L'Île-des-Soeurs,"17,11",Conseil d'arrondissement,Coderre,L'HEUREUX Pierre,6215
Verdun,Champlain—L'Île-des-Soeurs,"17,11",Conseil d'arrondissement,Projet,BOIVIN Jean-Pierre,5623
Verdun,Champlain—L'Île-des-Soeurs,"17,12",Conseil d'arrondissement,Coderre,TREMBLAY Véronique,6264
Verdun,Champlain—L'Île-des-Soeurs,"17,12",Conseil d'arrondissement,Projet,BÉGIN Gabriel,5596
Verdun,Desmarchais-Crawford,"0,00",Mairie de Montréal,Autre,GURBERG Bernard,29
Verdun,Desmarchais-Crawford,"0,00",Mairie de Montréal,Autre,ILUNGA Fabrice Ntompa,21
Verdun,Desmarchais-Crawford,"0,00",Mairie de Montréal,Autre,LEMCO Tyler,8
Verdun,Desmarchais-Crawford,"0,00",Mairie de Montréal,Autre,TESSIER Philippe,15
Verdun,Desmarchais-Crawford,"0,00",Mairie de Montréal,Autre,THIBODEAU Gilbert,19
Verdun,Desmarchais-Crawford,"0,00",Mairie de Montréal,Coalition,FORTIER Jean,48
Verdun,Desmarchais-Crawford,"0,00",Mairie de Montréal,Coderre,CODERRE Denis,3808
Verdun,Desmarchais-Crawford,"0,00",Mairie de Montréal,Projet,PLANTE Valérie,6066
Verdun,Desmarchais-Crawford,"17,00",Mairie d'arrondissement,Coderre,PARENTEAU Jean-François,5140
Verdun,Desmarchais-Crawford,"17,00",Mairie d'arrondissement,Projet,CHAPPAZ Michèle,4904
Verdun,Desmarchais-Crawford,"17,20",Conseil de Ville,Coderre,BRUNET Marie-Eve,4203
Verdun,Desmarchais-Crawford,"17,20",Conseil de Ville,Projet,DOWNEY Sterling,5799
Verdun,Desmarchais-Crawford,"17,21",Conseil d'arrondissement,Coderre,GUY Ann,4044
Verdun,Desmarchais-Crawford,"17,21",Conseil d'arrondissement,Projet,GAGNON Luc,5967
Verdun,Desmarchais-Crawford,"17,22",Conseil d'arrondissement,Coderre,ARIAL Tracey,3609
Verdun,Desmarchais-Crawford,"17,22",Conseil d'arrondissement,Projet,MAUGER Marie-Andrée,6388
Ville-Marie,Peter-McGill,"0,00",Mairie de Montréal,Autre,GURBERG Bernard,26
Ville-Marie,Peter-McGill,"0,00",Mairie de Montréal,Autre,ILUNGA Fabrice Ntompa,9
Ville-Marie,Peter-McGill,"0,00",Mairie de Montréal,Autre,LEMCO Tyler,5
Ville-Marie,Peter-McGill,"0,00",Mairie de Montréal,Autre,TESSIER Philippe,7
Ville-Marie,Peter-McGill,"0,00",Mairie de Montréal,Autre,THIBODEAU Gilbert,11
Ville-Marie,Peter-McGill,"0,00",Mairie de Montréal,Coalition,FORTIER Jean,96
Ville-Marie,Peter-McGill,"0,00",Mairie de Montréal,Coderre,CODERRE Denis,2867
Ville-Marie,Peter-McGill,"0,00",Mairie de Montréal,Projet,PLANTE Valérie,2107
Ville-Marie,Peter-McGill,"18,10",Conseil de Ville,Autre,KILANI Liyousa,38
Ville-Marie,Peter-McGill,"18,10",Conseil de Ville,Coalition,FORTIER Jean,382
Ville-Marie,Peter-McGill,"18,10",Conseil de Ville,Coderre,WONG Cathy,2356
Ville-Marie,Peter-McGill,"18,10",Conseil de Ville,Projet,SHARIFIAN Jabiz,1709
Ville-Marie,Peter-McGill,"18,10",Conseil de Ville,VCM,SHANAHAN Steve,601
Ville-Marie,Saint-Jacques,"0,00",Mairie de Montréal,Autre,GURBERG Bernard,33
Ville-Marie,Saint-Jacques,"0,00",Mairie de Montréal,Autre,ILUNGA Fabrice Ntompa,13
Ville-Marie,Saint-Jacques,"0,00",Mairie de Montréal,Autre,LEMCO Tyler,8
Ville-Marie,Saint-Jacques,"0,00",Mairie de Montréal,Autre,TESSIER Philippe,14
Ville-Marie,Saint-Jacques,"0,00",Mairie de Montréal,Autre,THIBODEAU Gilbert,23
Ville-Marie,Saint-Jacques,"0,00",Mairie de Montréal,Coalition,FORTIER Jean,30
Ville-Marie,Saint-Jacques,"0,00",Mairie de Montréal,Coderre,CODERRE Denis,3578
Ville-Marie,Saint-Jacques,"0,00",Mairie de Montréal,Projet,PLANTE Valérie,4347
Ville-Marie,Saint-Jacques,"18,20",Conseil de Ville,Coderre,BERGERON Richard,3642
Ville-Marie,Saint-Jacques,"18,20",Conseil de Ville,Projet,BEAUDRY Robert,4174
Ville-Marie,Saint-Jacques,"18,20",Conseil de Ville,VCM,GAUDREAU Daniel,164
Ville-Marie,Sainte-Marie,"0,00",Mairie de Montréal,Autre,GURBERG Bernard,24
Ville-Marie,Sainte-Marie,"0,00",Mairie de Montréal,Autre,ILUNGA Fabrice Ntompa,28
Ville-Marie,Sainte-Marie,"0,00",Mairie de Montréal,Autre,LEMCO Tyler,12
Ville-Marie,Sainte-Marie,"0,00",Mairie de Montréal,Autre,TESSIER Philippe,19
Ville-Marie,Sainte-Marie,"0,00",Mairie de Montréal,Autre,THIBODEAU Gilbert,23
Ville-Marie,Sainte-Marie,"0,00",Mairie de Montréal,Coalition,FORTIER Jean,60
Ville-Marie,Sainte-Marie,"0,00",Mairie de Montréal,Coderre,CODERRE Denis,2717
Ville-Marie,Sainte-Marie,"0,00",Mairie de Montréal,Projet,PLANTE Valérie,5074
Ville-Marie,Sainte-Marie,"18,30",Conseil de Ville,Coderre,MAINVILLE Pierre,2460
Ville-Marie,Sainte-Marie,"18,30",Conseil de Ville,Projet,PLANTE Valérie,5276
Ville-Marie,Sainte-Marie,"18,30",Conseil de Ville,VCM,URBANOWICZ Artur Adam,145
Villeray–Saint-Michel–Parc-Extension,François-Perrault,"0,00",Mairie de Montréal,Autre,GURBERG Bernard,41
Villeray–Saint-Michel–Parc-Extension,François-Perrault,"0,00",Mairie de Montréal,Autre,ILUNGA Fabrice Ntompa,21
Villeray–Saint-Michel–Parc-Extension,François-Perrault,"0,00",Mairie de Montréal,Autre,LEMCO Tyler,13
Villeray–Saint-Michel–Parc-Extension,François-Perrault,"0,00",Mairie de Montréal,Autre,TESSIER Philippe,29
Villeray–Saint-Michel–Parc-Extension,François-Perrault,"0,00",Mairie de Montréal,Autre,THIBODEAU Gilbert,31
Villeray–Saint-Michel–Parc-Extension,François-Perrault,"0,00",Mairie de Montréal,Coalition,FORTIER Jean,88
Villeray–Saint-Michel–Parc-Extension,François-Perrault,"0,00",Mairie de Montréal,Coderre,CODERRE Denis,3728
Villeray–Saint-Michel–Parc-Extension,François-Perrault,"0,00",Mairie de Montréal,Projet,PLANTE Valérie,4669
Villeray–Saint-Michel–Parc-Extension,François-Perrault,"19,00",Mairie d'arrondissement,Coderre,SAMSON Anie,3805
Villeray–Saint-Michel–Parc-Extension,François-Perrault,"19,00",Mairie d'arrondissement,Projet,FUMAGALLI Giuliana,4677
Villeray–Saint-Michel–Parc-Extension,François-Perrault,"19,20",Conseil de Ville,Coderre,DUCHESNE Érika,3443
Villeray–Saint-Michel–Parc-Extension,François-Perrault,"19,20",Conseil de Ville,Projet,OUELLET Sylvain,4998
Villeray–Saint-Michel–Parc-Extension,Parc-Extension,"0,00",Mairie de Montréal,Autre,GURBERG Bernard,96
Villeray–Saint-Michel–Parc-Extension,Parc-Extension,"0,00",Mairie de Montréal,Autre,ILUNGA Fabrice Ntompa,62
Villeray–Saint-Michel–Parc-Extension,Parc-Extension,"0,00",Mairie de Montréal,Autre,LEMCO Tyler,58
Villeray–Saint-Michel–Parc-Extension,Parc-Extension,"0,00",Mairie de Montréal,Autre,TESSIER Philippe,62
Villeray–Saint-Michel–Parc-Extension,Parc-Extension,"0,00",Mairie de Montréal,Autre,THIBODEAU Gilbert,98
Villeray–Saint-Michel–Parc-Extension,Parc-Extension,"0,00",Mairie de Montréal,Coalition,FORTIER Jean,297
Villeray–Saint-Michel–Parc-Extension,Parc-Extension,"0,00",Mairie de Montréal,Coderre,CODERRE Denis,3527
Villeray–Saint-Michel–Parc-Extension,Parc-Extension,"0,00",Mairie de Montréal,Projet,PLANTE Valérie,3872
Villeray–Saint-Michel–Parc-Extension,Parc-Extension,"19,00",Mairie d'arrondissement,Coderre,SAMSON Anie,4010
Villeray–Saint-Michel–Parc-Extension,Parc-Extension,"19,00",Mairie d'arrondissement,Projet,FUMAGALLI Giuliana,3985
Villeray–Saint-Michel–Parc-Extension,Parc-Extension,"19,40",Conseil de Ville,Coalition,YOUSUF Mohammad Tanbir,506
Villeray–Saint-Michel–Parc-Extension,Parc-Extension,"19,40",Conseil de Ville,Coderre,DEROS Mary,4035
Villeray–Saint-Michel–Parc-Extension,Parc-Extension,"19,40",Conseil de Ville,Projet,BENTABBEL Rafik,3567
Villeray–Saint-Michel–Parc-Extension,Saint-Michel,"0,00",Mairie de Montréal,Autre,GURBERG Bernard,43
Villeray–Saint-Michel–Parc-Extension,Saint-Michel,"0,00",Mairie de Montréal,Autre,ILUNGA Fabrice Ntompa,41
Villeray–Saint-Michel–Parc-Extension,Saint-Michel,"0,00",Mairie de Montréal,Autre,LEMCO Tyler,25
Villeray–Saint-Michel–Parc-Extension,Saint-Michel,"0,00",Mairie de Montréal,Autre,TESSIER Philippe,26
Villeray–Saint-Michel–Parc-Extension,Saint-Michel,"0,00",Mairie de Montréal,Autre,THIBODEAU Gilbert,37
Villeray–Saint-Michel–Parc-Extension,Saint-Michel,"0,00",Mairie de Montréal,Coalition,FORTIER Jean,157
Villeray–Saint-Michel–Parc-Extension,Saint-Michel,"0,00",Mairie de Montréal,Coderre,CODERRE Denis,3777
Villeray–Saint-Michel–Parc-Extension,Saint-Michel,"0,00",Mairie de Montréal,Projet,PLANTE Valérie,2279
Villeray–Saint-Michel–Parc-Extension,Saint-Michel,"19,00",Mairie d'arrondissement,Coderre,SAMSON Anie,3805
Villeray–Saint-Michel–Parc-Extension,Saint-Michel,"19,00",Mairie d'arrondissement,Projet,FUMAGALLI Giuliana,2437
Villeray–Saint-Michel–Parc-Extension,Saint-Michel,"19,10",Conseil de Ville,Coderre,BENJAMIN Frantz,3882
Villeray–Saint-Michel–Parc-Extension,Saint-Michel,"19,10",Conseil de Ville,Projet,ALRABI Rana,2384
Villeray–Saint-Michel–Parc-Extension,Villeray,"0,00",Mairie de Montréal,Autre,GURBERG Bernard,37
Villeray–Saint-Michel–Parc-Extension,Villeray,"0,00",Mairie de Montréal,Autre,ILUNGA Fabrice Ntompa,29
Villeray–Saint-Michel–Parc-Extension,Villeray,"0,00",Mairie de Montréal,Autre,LEMCO Tyler,19
Villeray–Saint-Michel–Parc-Extension,Villeray,"0,00",Mairie de Montréal,Autre,TESSIER Philippe,21
Villeray–Saint-Michel–Parc-Extension,Villeray,"0,00",Mairie de Montréal,Autre,THIBODEAU Gilbert,31
Villeray–Saint-Michel–Parc-Extension,Villeray,"0,00",Mairie de Montréal,Coalition,FORTIER Jean,70
Villeray–Saint-Michel–Parc-Extension,Villeray,"0,00",Mairie de Montréal,Coderre,CODERRE Denis,4144
Villeray–Saint-Michel–Parc-Extension,Villeray,"0,00",Mairie de Montréal,Projet,PLANTE Valérie,8546
Villeray–Saint-Michel–Parc-Extension,Villeray,"19,00",Mairie d'arrondissement,Coderre,SAMSON Anie,4686
Villeray–Saint-Michel–Parc-Extension,Villeray,"19,00",Mairie d'arrondissement,Projet,FUMAGALLI Giuliana,8097
Villeray–Saint-Michel–Parc-Extension,Villeray,"19,30",Conseil de Ville,Autre,SOUNAN Charles,158
Villeray–Saint-Michel–Parc-Extension,Villeray,"19,30",Conseil de Ville,Coderre,LEFEBVRE Elsie,6190
Villeray–Saint-Michel–Parc-Extension,Villeray,"19,30",Conseil de Ville,Projet,FILATO Rosannie,6499
